audit_id,master_index,split,split_index,original_row,src,tgt,mapped_reactants,mapped_product,old_n_rc,enhanced_n_rc,enhanced_state_rc,parse_success,n_changed_atoms,changed_map_numbers,changed_properties,structural_support,heavy_atom_support,audit_class,audit_reason,changed_atoms_detail,manual_ground_truth_check,manual_comment
1,375,train,375,43387,CC(=O)Nc1ccc(-c2nc(SCc3cccc(CNC(=O)OC(C)(C)C)n3)nc(N)c2C#N)cc1.N.O=C(O)C(F)(F)F,CC(=O)Nc1ccc(-c2nc(SCc3cccc(CN)n3)nc(N)c2C#N)cc1,CC(C)(C)OC(=O)[NH:1][CH2:2][c:3]1[cH:4][cH:5][cH:6][c:7]([CH2:8][S:9][c:10]2[n:11][c:12](-[c:13]3[cH:14][cH:15][c:16]([NH:17][C:18]([CH3:19])=[O:20])[cH:21][cH:22]3)[c:23]([C:24]#[N:25])[c:26]([NH2:27])[n:28]2)[n:29]1.N.O=C(O)C(F)(F)F,[NH2:1][CH2:2][c:3]1[cH:4][cH:5][cH:6][c:7]([CH2:8][S:9][c:10]2[n:11][c:12](-[c:13]3[cH:14][cH:15][c:16]([NH:17][C:18]([CH3:19])=[O:20])[cH:21][cH:22]3)[c:23]([C:24]#[N:25])[c:26]([NH2:27])[n:28]2)[n:29]1,0,1,1,True,1,[1],"[""degree"", ""hybridization"", ""total_h""]",True,True,STRUCTURALLY_SUPPORTED,Changed RC atom is supported by a change in its heavy-atom/bond local environment in the recorded product.,"[{""map_num"": 1, ""element"": ""N"", ""state_changes"": {""total_h"": {""reactant"": 1, ""product"": 2}, ""degree"": {""reactant"": 2, ""product"": 1}, ""hybridization"": {""reactant"": 3, ""product"": 4}}, ""reactant_environment"": [[""M2"", ""SINGLE""], [""U6:0"", ""SINGLE""]], ""product_environment"": [[""M2"", ""SINGLE""]], ""local_environment_changed"": true}]",,
2,398,train,398,34288,C1CCOC1.O.O=C(c1ccccc1)c1cnc2c(C(F)(F)F)cccc2c1O.[Al+3].[BH4-].[Cl-].[Cl-].[Cl-].[Na+],Oc1c(Cc2ccccc2)cnc2c(C(F)(F)F)cccc12,C1CCOC1.O.O=[C:1]([c:2]1[cH:3][cH:4][cH:5][cH:6][cH:7]1)[c:8]1[cH:9][n:10][c:11]2[c:12]([C:13]([F:14])([F:15])[F:16])[cH:17][cH:18][cH:19][c:20]2[c:21]1[OH:22].[Al+3].[BH4-].[Cl-].[Cl-].[Cl-].[Na+],[CH2:1]([c:2]1[cH:3][cH:4][cH:5][cH:6][cH:7]1)[c:8]1[cH:9][n:10][c:11]2[c:12]([C:13]([F:14])([F:15])[F:16])[cH:17][cH:18][cH:19][c:20]2[c:21]1[OH:22],0,1,1,True,1,[1],"[""degree"", ""hybridization"", ""total_h""]",True,True,STRUCTURALLY_SUPPORTED,Changed RC atom is supported by a change in its heavy-atom/bond local environment in the recorded product.,"[{""map_num"": 1, ""element"": ""C"", ""state_changes"": {""total_h"": {""reactant"": 0, ""product"": 2}, ""degree"": {""reactant"": 3, ""product"": 2}, ""hybridization"": {""reactant"": 3, ""product"": 4}}, ""reactant_environment"": [[""M2"", ""SINGLE""], [""M8"", ""SINGLE""], [""U8:0"", ""DOUBLE""]], ""product_environment"": [[""M2"", ""SINGLE""], [""M8"", ""SINGLE""]], ""local_environment_changed"": true}]",,
3,665,train,665,347,CCCCCC.CCOC(C)=O.CC(=O)c1ccc(C2=CCC(C)(C)CC2)c([N+](=O)[O-])c1.[Cl-].[Fe].[NH4+],CC(=O)c1ccc(C2=CCC(C)(C)CC2)c(N)c1,CCCCCC.CCOC(C)=O.O=[N+:1]([O-])[c:2]1[c:3]([C:4]2=[CH:5][CH2:6][C:7]([CH3:8])([CH3:9])[CH2:10][CH2:11]2)[cH:12][cH:13][c:14]([C:15]([CH3:16])=[O:17])[cH:18]1.[Cl-].[Fe].[NH4+],[NH2:1][c:2]1[c:3]([C:4]2=[CH:5][CH2:6][C:7]([CH3:8])([CH3:9])[CH2:10][CH2:11]2)[cH:12][cH:13][c:14]([C:15]([CH3:16])=[O:17])[cH:18]1,0,1,1,True,1,[1],"[""degree"", ""formal_charge"", ""total_h""]",True,True,STRUCTURALLY_SUPPORTED,Changed RC atom is supported by a change in its heavy-atom/bond local environment in the recorded product.,"[{""map_num"": 1, ""element"": ""N"", ""state_changes"": {""formal_charge"": {""reactant"": 1, ""product"": 0}, ""total_h"": {""reactant"": 0, ""product"": 2}, ""degree"": {""reactant"": 3, ""product"": 1}}, ""reactant_environment"": [[""M2"", ""SINGLE""], [""U8:-1"", ""SINGLE""], [""U8:0"", ""DOUBLE""]], ""product_environment"": [[""M2"", ""SINGLE""]], ""local_environment_changed"": true}]",,
4,887,train,887,2896,C1CCOC1.O=C(O)c1cc(F)cc(Br)c1,OCc1cc(F)cc(Br)c1,C1CCOC1.O=[C:1]([OH:2])[c:3]1[cH:4][c:5]([F:6])[cH:7][c:8]([Br:9])[cH:10]1,[CH2:1]([OH:2])[c:3]1[cH:4][c:5]([F:6])[cH:7][c:8]([Br:9])[cH:10]1,0,2,2,True,2,"[1, 2]","[""degree"", ""hybridization"", ""total_h""]",True,True,STRUCTURALLY_SUPPORTED,Changed RC atom is supported by a change in its heavy-atom/bond local environment in the recorded product.,"[{""map_num"": 1, ""element"": ""C"", ""state_changes"": {""total_h"": {""reactant"": 0, ""product"": 2}, ""degree"": {""reactant"": 3, ""product"": 2}, ""hybridization"": {""reactant"": 3, ""product"": 4}}, ""reactant_environment"": [[""M2"", ""SINGLE""], [""M3"", ""SINGLE""], [""U8:0"", ""DOUBLE""]], ""product_environment"": [[""M2"", ""SINGLE""], [""M3"", ""SINGLE""]], ""local_environment_changed"": true}, {""map_num"": 2, ""element"": ""O"", ""state_changes"": {""hybridization"": {""reactant"": 3, ""product"": 4}}, ""reactant_environment"": [[""M1"", ""SINGLE""]], ""product_environment"": [[""M1"", ""SINGLE""]], ""local_environment_changed"": false}]",,
5,1651,train,1651,3555,C1CCOC1.C1CCOC1.CP(C)C.O.CC(C)(C)Cc1ccc2c(c1)C(N=[N+]=[N-])CCN2C(=O)OCc1ccccc1,CC(C)(C)Cc1ccc2c(c1)C(N)CCN2C(=O)OCc1ccccc1,C1CCOC1.C1CCOC1.CP(C)C.O.[N-]=[N+]=[N:1][CH:2]1[c:3]2[c:4]([cH:5][cH:6][c:7]([CH2:8][C:9]([CH3:10])([CH3:11])[CH3:12])[cH:13]2)[N:14]([C:15](=[O:16])[O:17][CH2:18][c:19]2[cH:20][cH:21][cH:22][cH:23][cH:24]2)[CH2:25][CH2:26]1,[NH2:1][CH:2]1[c:3]2[c:4]([cH:5][cH:6][c:7]([CH2:8][C:9]([CH3:10])([CH3:11])[CH3:12])[cH:13]2)[N:14]([C:15](=[O:16])[O:17][CH2:18][c:19]2[cH:20][cH:21][cH:22][cH:23][cH:24]2)[CH2:25][CH2:26]1,0,1,1,True,1,[1],"[""degree"", ""hybridization"", ""total_h""]",True,True,STRUCTURALLY_SUPPORTED,Changed RC atom is supported by a change in its heavy-atom/bond local environment in the recorded product.,"[{""map_num"": 1, ""element"": ""N"", ""state_changes"": {""total_h"": {""reactant"": 0, ""product"": 2}, ""degree"": {""reactant"": 2, ""product"": 1}, ""hybridization"": {""reactant"": 3, ""product"": 4}}, ""reactant_environment"": [[""M2"", ""SINGLE""], [""U7:1"", ""DOUBLE""]], ""product_environment"": [[""M2"", ""SINGLE""]], ""local_environment_changed"": true}]",,
6,2016,train,2016,8759,CC(C)(C)OC(=O)N1CCC[C@H](Cn2c(-c3ccccc3Cl)cc3cnc(NCc4ccc(F)c(F)c4)nc32)C1.ClCCl.O=C(O)C(F)(F)F,Fc1ccc(CNc2ncc3cc(-c4ccccc4Cl)n(C[C@H]4CCCNC4)c3n2)cc1F,CC(C)(C)OC(=O)[N:1]1[CH2:2][CH2:3][CH2:4][C@H:5]([CH2:6][n:7]2[c:8](-[c:9]3[cH:10][cH:11][cH:12][cH:13][c:14]3[Cl:15])[cH:16][c:17]3[cH:18][n:19][c:20]([NH:21][CH2:22][c:23]4[cH:24][cH:25][c:26]([F:27])[c:28]([F:29])[cH:30]4)[n:31][c:32]23)[CH2:33]1.ClCCl.O=C(O)C(F)(F)F,[NH:1]1[CH2:2][CH2:3][CH2:4][C@H:5]([CH2:6][n:7]2[c:8](-[c:9]3[cH:10][cH:11][cH:12][cH:13][c:14]3[Cl:15])[cH:16][c:17]3[cH:18][n:19][c:20]([NH:21][CH2:22][c:23]4[cH:24][cH:25][c:26]([F:27])[c:28]([F:29])[cH:30]4)[n:31][c:32]23)[CH2:33]1,0,1,1,True,1,[1],"[""degree"", ""hybridization"", ""total_h""]",True,True,STRUCTURALLY_SUPPORTED,Changed RC atom is supported by a change in its heavy-atom/bond local environment in the recorded product.,"[{""map_num"": 1, ""element"": ""N"", ""state_changes"": {""total_h"": {""reactant"": 0, ""product"": 1}, ""degree"": {""reactant"": 3, ""product"": 2}, ""hybridization"": {""reactant"": 3, ""product"": 4}}, ""reactant_environment"": [[""M2"", ""SINGLE""], [""M33"", ""SINGLE""], [""U6:0"", ""SINGLE""]], ""product_environment"": [[""M2"", ""SINGLE""], [""M33"", ""SINGLE""]], ""local_environment_changed"": true}]",,
7,2614,train,2614,35634,CCO.[Pd].CN1CCOC(CN2CCN(Cc3ccccc3)CC2)C1,CN1CCOC(CN2CCNCC2)C1,CCO.[Pd].c1ccc(C[N:1]2[CH2:2][CH2:3][N:4]([CH2:5][CH:6]3[O:7][CH2:8][CH2:9][N:10]([CH3:11])[CH2:12]3)[CH2:13][CH2:14]2)cc1,[NH:1]1[CH2:2][CH2:3][N:4]([CH2:5][CH:6]2[O:7][CH2:8][CH2:9][N:10]([CH3:11])[CH2:12]2)[CH2:13][CH2:14]1,0,1,1,True,1,[1],"[""degree"", ""total_h""]",True,True,STRUCTURALLY_SUPPORTED,Changed RC atom is supported by a change in its heavy-atom/bond local environment in the recorded product.,"[{""map_num"": 1, ""element"": ""N"", ""state_changes"": {""total_h"": {""reactant"": 0, ""product"": 1}, ""degree"": {""reactant"": 3, ""product"": 2}}, ""reactant_environment"": [[""M14"", ""SINGLE""], [""M2"", ""SINGLE""], [""U6:0"", ""SINGLE""]], ""product_environment"": [[""M14"", ""SINGLE""], [""M2"", ""SINGLE""]], ""local_environment_changed"": true}]",,
8,3022,train,3022,49231,COC(=O)CCc1ccc(C2CCN(c3ccc(C(C)NC(=O)OC(C)(C)C)cc3)C2=O)cc1.ClCCl.O=C(O)C(F)(F)F,COC(=O)CCc1ccc(C2CCN(c3ccc(C(C)N)cc3)C2=O)cc1,CC(C)(C)OC(=O)[NH:1][CH:2]([c:3]1[cH:4][cH:5][c:6]([N:7]2[CH2:8][CH2:9][CH:10]([c:11]3[cH:12][cH:13][c:14]([CH2:15][CH2:16][C:17]([O:18][CH3:19])=[O:20])[cH:21][cH:22]3)[C:23]2=[O:24])[cH:25][cH:26]1)[CH3:27].ClCCl.O=C(O)C(F)(F)F,[NH2:1][CH:2]([c:3]1[cH:4][cH:5][c:6]([N:7]2[CH2:8][CH2:9][CH:10]([c:11]3[cH:12][cH:13][c:14]([CH2:15][CH2:16][C:17]([O:18][CH3:19])=[O:20])[cH:21][cH:22]3)[C:23]2=[O:24])[cH:25][cH:26]1)[CH3:27],0,1,1,True,1,[1],"[""degree"", ""hybridization"", ""total_h""]",True,True,STRUCTURALLY_SUPPORTED,Changed RC atom is supported by a change in its heavy-atom/bond local environment in the recorded product.,"[{""map_num"": 1, ""element"": ""N"", ""state_changes"": {""total_h"": {""reactant"": 1, ""product"": 2}, ""degree"": {""reactant"": 2, ""product"": 1}, ""hybridization"": {""reactant"": 3, ""product"": 4}}, ""reactant_environment"": [[""M2"", ""SINGLE""], [""U6:0"", ""SINGLE""]], ""product_environment"": [[""M2"", ""SINGLE""]], ""local_environment_changed"": true}]",,
9,3255,train,3255,48906,CC(=O)O.CCOC(C)=O.O=[N+]([O-])c1ccc(OCCN2CCCC2)c(Cl)c1.[Zn],Nc1ccc(OCCN2CCCC2)c(Cl)c1,CC(=O)O.CCOC(C)=O.O=[N+:1]([O-])[c:2]1[cH:3][cH:4][c:5]([O:6][CH2:7][CH2:8][N:9]2[CH2:10][CH2:11][CH2:12][CH2:13]2)[c:14]([Cl:15])[cH:16]1.[Zn],[NH2:1][c:2]1[cH:3][cH:4][c:5]([O:6][CH2:7][CH2:8][N:9]2[CH2:10][CH2:11][CH2:12][CH2:13]2)[c:14]([Cl:15])[cH:16]1,0,1,1,True,1,[1],"[""degree"", ""formal_charge"", ""total_h""]",True,True,STRUCTURALLY_SUPPORTED,Changed RC atom is supported by a change in its heavy-atom/bond local environment in the recorded product.,"[{""map_num"": 1, ""element"": ""N"", ""state_changes"": {""formal_charge"": {""reactant"": 1, ""product"": 0}, ""total_h"": {""reactant"": 0, ""product"": 2}, ""degree"": {""reactant"": 3, ""product"": 1}}, ""reactant_environment"": [[""M2"", ""SINGLE""], [""U8:-1"", ""SINGLE""], [""U8:0"", ""DOUBLE""]], ""product_environment"": [[""M2"", ""SINGLE""]], ""local_environment_changed"": true}]",,
10,3473,train,3473,41992,CN(C)C=O.Cl.ClCCl.O=S(=O)(Cl)c1ccc(Br)c(Cl)c1.c1ccc(P(c2ccccc2)c2ccccc2)cc1,Sc1ccc(Br)c(Cl)c1,CN(C)C=O.Cl.ClCCl.O=[S:1](=O)(Cl)[c:2]1[cH:3][cH:4][c:5]([Br:6])[c:7]([Cl:8])[cH:9]1.c1ccc(P(c2ccccc2)c2ccccc2)cc1,[SH:1][c:2]1[cH:3][cH:4][c:5]([Br:6])[c:7]([Cl:8])[cH:9]1,0,1,1,True,1,[1],"[""degree"", ""total_h""]",True,True,STRUCTURALLY_SUPPORTED,Changed RC atom is supported by a change in its heavy-atom/bond local environment in the recorded product.,"[{""map_num"": 1, ""element"": ""S"", ""state_changes"": {""total_h"": {""reactant"": 0, ""product"": 1}, ""degree"": {""reactant"": 4, ""product"": 1}}, ""reactant_environment"": [[""M2"", ""SINGLE""], [""U17:0"", ""SINGLE""], [""U8:0"", ""DOUBLE""], [""U8:0"", ""DOUBLE""]], ""product_environment"": [[""M2"", ""SINGLE""]], ""local_environment_changed"": true}]",,
11,3887,train,3887,41821,CO.CC(=O)N[C@@H]1C[C@H](NC(=O)OC(C)(C)C)CC[C@@H]1N1CC[C@H](NC(=O)OCc2ccccc2)C1=O.[Pd],CC(=O)N[C@@H]1C[C@H](NC(=O)OC(C)(C)C)CC[C@@H]1N1CC[C@H](N)C1=O,CO.O=C(OCc1ccccc1)[NH:1][C@H:2]1[CH2:3][CH2:4][N:5]([C@@H:6]2[C@H:7]([NH:8][C:9]([CH3:10])=[O:11])[CH2:12][C@H:13]([NH:14][C:15](=[O:16])[O:17][C:18]([CH3:19])([CH3:20])[CH3:21])[CH2:22][CH2:23]2)[C:24]1=[O:25].[Pd],[NH2:1][C@H:2]1[CH2:3][CH2:4][N:5]([C@@H:6]2[C@H:7]([NH:8][C:9]([CH3:10])=[O:11])[CH2:12][C@H:13]([NH:14][C:15](=[O:16])[O:17][C:18]([CH3:19])([CH3:20])[CH3:21])[CH2:22][CH2:23]2)[C:24]1=[O:25],0,1,1,True,1,[1],"[""degree"", ""hybridization"", ""total_h""]",True,True,STRUCTURALLY_SUPPORTED,Changed RC atom is supported by a change in its heavy-atom/bond local environment in the recorded product.,"[{""map_num"": 1, ""element"": ""N"", ""state_changes"": {""total_h"": {""reactant"": 1, ""product"": 2}, ""degree"": {""reactant"": 2, ""product"": 1}, ""hybridization"": {""reactant"": 3, ""product"": 4}}, ""reactant_environment"": [[""M2"", ""SINGLE""], [""U6:0"", ""SINGLE""]], ""product_environment"": [[""M2"", ""SINGLE""]], ""local_environment_changed"": true}]",,
12,4184,train,4184,2483,C1COCCO1.COc1ccc(NC(=O)C(C)(CO)NC(=O)OC(C)(C)C)cc1NS(=O)(=O)c1ccc(-c2ccc(C)o2)c(F)c1.Cl,COc1ccc(NC(=O)[C@@](C)(N)CO)cc1NS(=O)(=O)c1ccc(-c2ccc(C)o2)c(F)c1.Cl,C1COCCO1.CC(C)(C)OC(=O)[NH:2][C:3]([C:4]([NH:5][c:6]1[cH:7][cH:8][c:9]([O:10][CH3:11])[c:12]([NH:13][S:14](=[O:15])(=[O:16])[c:17]2[cH:18][cH:19][c:20](-[c:21]3[cH:22][cH:23][c:24]([CH3:25])[o:26]3)[c:27]([F:28])[cH:29]2)[cH:30]1)=[O:31])([CH3:32])[CH2:33][OH:34].[ClH:1],[ClH:1].[NH2:2][C@@:3]([C:4]([NH:5][c:6]1[cH:7][cH:8][c:9]([O:10][CH3:11])[c:12]([NH:13][S:14](=[O:15])(=[O:16])[c:17]2[cH:18][cH:19][c:20](-[c:21]3[cH:22][cH:23][c:24]([CH3:25])[o:26]3)[c:27]([F:28])[cH:29]2)[cH:30]1)=[O:31])([CH3:32])[CH2:33][OH:34],0,2,2,True,2,"[2, 3]","[""chiral_tag"", ""degree"", ""hybridization"", ""total_h""]",True,True,STRUCTURALLY_SUPPORTED,Changed RC atom is supported by a change in its heavy-atom/bond local environment in the recorded product.,"[{""map_num"": 2, ""element"": ""N"", ""state_changes"": {""total_h"": {""reactant"": 1, ""product"": 2}, ""degree"": {""reactant"": 2, ""product"": 1}, ""hybridization"": {""reactant"": 3, ""product"": 4}}, ""reactant_environment"": [[""M3"", ""SINGLE""], [""U6:0"", ""SINGLE""]], ""product_environment"": [[""M3"", ""SINGLE""]], ""local_environment_changed"": true}, {""map_num"": 3, ""element"": ""C"", ""state_changes"": {""chiral_tag"": {""reactant"": 0, ""product"": 1}}, ""reactant_environment"": [[""M2"", ""SINGLE""], [""M32"", ""SINGLE""], [""M33"", ""SINGLE""], [""M4"", ""SINGLE""]], ""product_environment"": [[""M2"", ""SINGLE""], [""M32"", ""SINGLE""], [""M33"", ""SINGLE""], [""M4"", ""SINGLE""]], ""local_environment_changed"": false}]",,
13,5081,train,5081,29089,C1CCOC1.CC(=O)OCc1ccc(C(=O)Nc2ccc3c(c2)CCN3C(=O)Cc2ccccn2)c(-c2ccc(C(F)(F)F)cc2)c1.CO.O.[Na+].[OH-],O=C(Nc1ccc2c(c1)CCN2C(=O)Cc1ccccn1)c1ccc(CO)cc1-c1ccc(C(F)(F)F)cc1,C1CCOC1.CC(=O)[O:1][CH2:2][c:3]1[cH:4][cH:5][c:6]([C:7](=[O:8])[NH:9][c:10]2[cH:11][cH:12][c:13]3[c:14]([cH:15]2)[CH2:16][CH2:17][N:18]3[C:19](=[O:20])[CH2:21][c:22]2[cH:23][cH:24][cH:25][cH:26][n:27]2)[c:28](-[c:29]2[cH:30][cH:31][c:32]([C:33]([F:34])([F:35])[F:36])[cH:37][cH:38]2)[cH:39]1.CO.O.[Na+].[OH-],[OH:1][CH2:2][c:3]1[cH:4][cH:5][c:6]([C:7](=[O:8])[NH:9][c:10]2[cH:11][cH:12][c:13]3[c:14]([cH:15]2)[CH2:16][CH2:17][N:18]3[C:19](=[O:20])[CH2:21][c:22]2[cH:23][cH:24][cH:25][cH:26][n:27]2)[c:28](-[c:29]2[cH:30][cH:31][c:32]([C:33]([F:34])([F:35])[F:36])[cH:37][cH:38]2)[cH:39]1,0,1,1,True,1,[1],"[""degree"", ""hybridization"", ""total_h""]",True,True,STRUCTURALLY_SUPPORTED,Changed RC atom is supported by a change in its heavy-atom/bond local environment in the recorded product.,"[{""map_num"": 1, ""element"": ""O"", ""state_changes"": {""total_h"": {""reactant"": 0, ""product"": 1}, ""degree"": {""reactant"": 2, ""product"": 1}, ""hybridization"": {""reactant"": 3, ""product"": 4}}, ""reactant_environment"": [[""M2"", ""SINGLE""], [""U6:0"", ""SINGLE""]], ""product_environment"": [[""M2"", ""SINGLE""]], ""local_environment_changed"": true}]",,
14,6369,train,6369,44199,CCO.ClCCl.[Cl][Sn][Cl].O=C(NC1CCCCCC1)c1onc(-c2ccccc2)c1[N+](=O)[O-],Nc1c(-c2ccccc2)noc1C(=O)NC1CCCCCC1,CCO.ClCCl.Cl[Sn]Cl.O=[N+:1]([O-])[c:2]1[c:3]([C:4](=[O:5])[NH:6][CH:7]2[CH2:8][CH2:9][CH2:10][CH2:11][CH2:12][CH2:13]2)[o:14][n:15][c:16]1-[c:17]1[cH:18][cH:19][cH:20][cH:21][cH:22]1,[NH2:1][c:2]1[c:3]([C:4](=[O:5])[NH:6][CH:7]2[CH2:8][CH2:9][CH2:10][CH2:11][CH2:12][CH2:13]2)[o:14][n:15][c:16]1-[c:17]1[cH:18][cH:19][cH:20][cH:21][cH:22]1,0,1,1,True,1,[1],"[""degree"", ""formal_charge"", ""total_h""]",True,True,STRUCTURALLY_SUPPORTED,Changed RC atom is supported by a change in its heavy-atom/bond local environment in the recorded product.,"[{""map_num"": 1, ""element"": ""N"", ""state_changes"": {""formal_charge"": {""reactant"": 1, ""product"": 0}, ""total_h"": {""reactant"": 0, ""product"": 2}, ""degree"": {""reactant"": 3, ""product"": 1}}, ""reactant_environment"": [[""M2"", ""SINGLE""], [""U8:-1"", ""SINGLE""], [""U8:0"", ""DOUBLE""]], ""product_environment"": [[""M2"", ""SINGLE""]], ""local_environment_changed"": true}]",,
15,6693,train,6693,16539,C1CCOC1.COCCCOc1cc(C[C@@H](C[C@H](N=[N+]=[N-])[C@H](C[C@H](C(=O)N[C@@H]2CCN(C)C2)C(C)C)O[Si](C)(C)C(C)(C)C)C(C)C)ccc1OC.O,COCCCOc1cc(C[C@@H](C[C@H](N=[N+]=[N-])[C@@H](O)C[C@H](C(=O)N[C@@H]2CCN(C)C2)C(C)C)C(C)C)ccc1OC,C1CCOC1.CC(C)(C)[Si](C)(C)[O:1][C@H:2]([C@H:3]([CH2:4][C@H:5]([CH2:6][c:7]1[cH:8][c:9]([O:10][CH2:11][CH2:12][CH2:13][O:14][CH3:15])[c:16]([O:17][CH3:18])[cH:19][cH:20]1)[CH:21]([CH3:22])[CH3:23])[N:24]=[N+:25]=[N-:26])[CH2:27][C@H:28]([C:29](=[O:30])[NH:31][C@@H:32]1[CH2:33][CH2:34][N:35]([CH3:36])[CH2:37]1)[CH:38]([CH3:39])[CH3:40].O,[OH:1][C@H:2]([C@H:3]([CH2:4][C@H:5]([CH2:6][c:7]1[cH:8][c:9]([O:10][CH2:11][CH2:12][CH2:13][O:14][CH3:15])[c:16]([O:17][CH3:18])[cH:19][cH:20]1)[CH:21]([CH3:22])[CH3:23])[N:24]=[N+:25]=[N-:26])[CH2:27][C@H:28]([C:29](=[O:30])[NH:31][C@@H:32]1[CH2:33][CH2:34][N:35]([CH3:36])[CH2:37]1)[CH:38]([CH3:39])[CH3:40],0,1,1,True,1,[1],"[""degree"", ""total_h""]",True,True,STRUCTURALLY_SUPPORTED,Changed RC atom is supported by a change in its heavy-atom/bond local environment in the recorded product.,"[{""map_num"": 1, ""element"": ""O"", ""state_changes"": {""total_h"": {""reactant"": 0, ""product"": 1}, ""degree"": {""reactant"": 2, ""product"": 1}}, ""reactant_environment"": [[""M2"", ""SINGLE""], [""U14:0"", ""SINGLE""]], ""product_environment"": [[""M2"", ""SINGLE""]], ""local_environment_changed"": true}]",,
16,7034,train,7034,32679,BrB(Br)Br.CC(Cl)Cl.CSC.COc1ccccc1Oc1ccccc1.ClCCCl.[Na+].[OH-],Oc1ccccc1Oc1ccccc1,BrB(Br)Br.CC(Cl)Cl.CSC.C[O:1][c:2]1[cH:3][cH:4][cH:5][cH:6][c:7]1[O:8][c:9]1[cH:10][cH:11][cH:12][cH:13][cH:14]1.ClCCCl.[Na+].[OH-],[OH:1][c:2]1[cH:3][cH:4][cH:5][cH:6][c:7]1[O:8][c:9]1[cH:10][cH:11][cH:12][cH:13][cH:14]1,0,1,1,True,1,[1],"[""degree"", ""total_h""]",True,True,STRUCTURALLY_SUPPORTED,Changed RC atom is supported by a change in its heavy-atom/bond local environment in the recorded product.,"[{""map_num"": 1, ""element"": ""O"", ""state_changes"": {""total_h"": {""reactant"": 0, ""product"": 1}, ""degree"": {""reactant"": 2, ""product"": 1}}, ""reactant_environment"": [[""M2"", ""SINGLE""], [""U6:0"", ""SINGLE""]], ""product_environment"": [[""M2"", ""SINGLE""]], ""local_environment_changed"": true}]",,
17,9151,train,9151,29152,CO.Cn1ncc(NC(=O)c2nc(-c3c(F)cccc3F)sc2N)c1C1OCC(C)(CNC(=O)C(F)(F)F)CO1.O=C([O-])[O-].[K+].[K+],Cn1ncc(NC(=O)c2nc(-c3c(F)cccc3F)sc2N)c1C1OCC(C)(CN)CO1,CO.O=C(C(F)(F)F)[NH:1][CH2:2][C:3]1([CH3:4])[CH2:5][O:6][CH:7]([c:8]2[n:9]([CH3:10])[n:11][cH:12][c:13]2[NH:14][C:15](=[O:16])[c:17]2[n:18][c:19](-[c:20]3[c:21]([F:22])[cH:23][cH:24][cH:25][c:26]3[F:27])[s:28][c:29]2[NH2:30])[O:31][CH2:32]1.O=C([O-])[O-].[K+].[K+],[NH2:1][CH2:2][C:3]1([CH3:4])[CH2:5][O:6][CH:7]([c:8]2[n:9]([CH3:10])[n:11][cH:12][c:13]2[NH:14][C:15](=[O:16])[c:17]2[n:18][c:19](-[c:20]3[c:21]([F:22])[cH:23][cH:24][cH:25][c:26]3[F:27])[s:28][c:29]2[NH2:30])[O:31][CH2:32]1,0,1,1,True,1,[1],"[""degree"", ""hybridization"", ""total_h""]",True,True,STRUCTURALLY_SUPPORTED,Changed RC atom is supported by a change in its heavy-atom/bond local environment in the recorded product.,"[{""map_num"": 1, ""element"": ""N"", ""state_changes"": {""total_h"": {""reactant"": 1, ""product"": 2}, ""degree"": {""reactant"": 2, ""product"": 1}, ""hybridization"": {""reactant"": 3, ""product"": 4}}, ""reactant_environment"": [[""M2"", ""SINGLE""], [""U6:0"", ""SINGLE""]], ""product_environment"": [[""M2"", ""SINGLE""]], ""local_environment_changed"": true}]",,
18,9652,train,9652,40194,COC(=O)COc1cccc(Nc2ncnc3oc(-c4ccc(Br)cc4)c(-c4ccc(F)cc4)c23)c1.CCOC(C)=O.ClCCl.[Pd],COC(=O)COc1cccc(Nc2ncnc3oc(-c4ccccc4)c(-c4ccc(F)cc4)c23)c1,Br[c:1]1[cH:2][cH:3][c:4](-[c:5]2[o:6][c:7]3[n:8][cH:9][n:10][c:11]([NH:12][c:13]4[cH:14][cH:15][cH:16][c:17]([O:18][CH2:19][C:20]([O:21][CH3:22])=[O:23])[cH:24]4)[c:25]3[c:26]2-[c:27]2[cH:28][cH:29][c:30]([F:31])[cH:32][cH:33]2)[cH:34][cH:35]1.CCOC(C)=O.ClCCl.[Pd],[cH:1]1[cH:2][cH:3][c:4](-[c:5]2[o:6][c:7]3[n:8][cH:9][n:10][c:11]([NH:12][c:13]4[cH:14][cH:15][cH:16][c:17]([O:18][CH2:19][C:20]([O:21][CH3:22])=[O:23])[cH:24]4)[c:25]3[c:26]2-[c:27]2[cH:28][cH:29][c:30]([F:31])[cH:32][cH:33]2)[cH:34][cH:35]1,0,1,1,True,1,[1],"[""degree"", ""total_h""]",True,True,STRUCTURALLY_SUPPORTED,Changed RC atom is supported by a change in its heavy-atom/bond local environment in the recorded product.,"[{""map_num"": 1, ""element"": ""C"", ""state_changes"": {""total_h"": {""reactant"": 0, ""product"": 1}, ""degree"": {""reactant"": 3, ""product"": 2}}, ""reactant_environment"": [[""M2"", ""AROMATIC""], [""M35"", ""AROMATIC""], [""U35:0"", ""SINGLE""]], ""product_environment"": [[""M2"", ""AROMATIC""], [""M35"", ""AROMATIC""]], ""local_environment_changed"": true}]",,
19,9695,train,9695,12342,CC(=O)O.CC(=O)Nc1cc2c(cc1[N+](=O)[O-])OC(F)(F)O2.CO.C[O-].[Na+],Nc1cc2c(cc1[N+](=O)[O-])OC(F)(F)O2,CC(=O)O.CC(=O)[NH:1][c:2]1[cH:3][c:4]2[c:5]([cH:6][c:7]1[N+:8](=[O:9])[O-:10])[O:11][C:12]([F:13])([F:14])[O:15]2.CO.C[O-].[Na+],[NH2:1][c:2]1[cH:3][c:4]2[c:5]([cH:6][c:7]1[N+:8](=[O:9])[O-:10])[O:11][C:12]([F:13])([F:14])[O:15]2,0,1,1,True,1,[1],"[""degree"", ""total_h""]",True,True,STRUCTURALLY_SUPPORTED,Changed RC atom is supported by a change in its heavy-atom/bond local environment in the recorded product.,"[{""map_num"": 1, ""element"": ""N"", ""state_changes"": {""total_h"": {""reactant"": 1, ""product"": 2}, ""degree"": {""reactant"": 2, ""product"": 1}}, ""reactant_environment"": [[""M2"", ""SINGLE""], [""U6:0"", ""SINGLE""]], ""product_environment"": [[""M2"", ""SINGLE""]], ""local_environment_changed"": true}]",,
20,9820,train,9820,2207,CC#N.CO.O=c1[nH]c2cc([N+](=O)[O-])ccc2o1.[OH-].[OH-].[Pd+2],Nc1ccc2oc(=O)[nH]c2c1,CC#N.CO.O=[N+:1]([O-])[c:2]1[cH:3][c:4]2[nH:5][c:6](=[O:7])[o:8][c:9]2[cH:10][cH:11]1.[OH-].[OH-].[Pd+2],[NH2:1][c:2]1[cH:3][c:4]2[nH:5][c:6](=[O:7])[o:8][c:9]2[cH:10][cH:11]1,0,1,1,True,1,[1],"[""degree"", ""formal_charge"", ""total_h""]",True,True,STRUCTURALLY_SUPPORTED,Changed RC atom is supported by a change in its heavy-atom/bond local environment in the recorded product.,"[{""map_num"": 1, ""element"": ""N"", ""state_changes"": {""formal_charge"": {""reactant"": 1, ""product"": 0}, ""total_h"": {""reactant"": 0, ""product"": 2}, ""degree"": {""reactant"": 3, ""product"": 1}}, ""reactant_environment"": [[""M2"", ""SINGLE""], [""U8:-1"", ""SINGLE""], [""U8:0"", ""DOUBLE""]], ""product_environment"": [[""M2"", ""SINGLE""]], ""local_environment_changed"": true}]",,
21,9956,train,9956,29739,CCCCCCCCCCCCCCCC(=O)OCC(CSCCC(=O)OCc1ccc(OC)cc1)OC(=O)CCCCCCCCCCCCCCC.COc1ccccc1.O=C(O)C(F)(F)F,CCCCCCCCCCCCCCCC(=O)OCC(CSCCC(=O)O)OC(=O)CCCCCCCCCCCCCCC,COc1ccc(C[O:1][C:2]([CH2:3][CH2:4][S:5][CH2:6][CH:7]([CH2:8][O:9][C:10]([CH2:11][CH2:12][CH2:13][CH2:14][CH2:15][CH2:16][CH2:17][CH2:18][CH2:19][CH2:20][CH2:21][CH2:22][CH2:23][CH2:24][CH3:25])=[O:26])[O:27][C:28](=[O:29])[CH2:30][CH2:31][CH2:32][CH2:33][CH2:34][CH2:35][CH2:36][CH2:37][CH2:38][CH2:39][CH2:40][CH2:41][CH2:42][CH2:43][CH3:44])=[O:45])cc1.COc1ccccc1.O=C(O)C(F)(F)F,[OH:1][C:2]([CH2:3][CH2:4][S:5][CH2:6][CH:7]([CH2:8][O:9][C:10]([CH2:11][CH2:12][CH2:13][CH2:14][CH2:15][CH2:16][CH2:17][CH2:18][CH2:19][CH2:20][CH2:21][CH2:22][CH2:23][CH2:24][CH3:25])=[O:26])[O:27][C:28](=[O:29])[CH2:30][CH2:31][CH2:32][CH2:33][CH2:34][CH2:35][CH2:36][CH2:37][CH2:38][CH2:39][CH2:40][CH2:41][CH2:42][CH2:43][CH3:44])=[O:45],0,1,1,True,1,[1],"[""degree"", ""total_h""]",True,True,STRUCTURALLY_SUPPORTED,Changed RC atom is supported by a change in its heavy-atom/bond local environment in the recorded product.,"[{""map_num"": 1, ""element"": ""O"", ""state_changes"": {""total_h"": {""reactant"": 0, ""product"": 1}, ""degree"": {""reactant"": 2, ""product"": 1}}, ""reactant_environment"": [[""M2"", ""SINGLE""], [""U6:0"", ""SINGLE""]], ""product_environment"": [[""M2"", ""SINGLE""]], ""local_environment_changed"": true}]",,
22,10184,train,10184,16550,C1CCOC1.Cc1cc(-c2cc(F)cc(F)c2)cc(C(=O)Nc2c(F)ccc(O)c2F)c1C,Cc1cc(-c2cc(F)cc(F)c2)cc(CNc2c(F)ccc(O)c2F)c1C,C1CCOC1.O=[C:1]([c:2]1[cH:3][c:4](-[c:5]2[cH:6][c:7]([F:8])[cH:9][c:10]([F:11])[cH:12]2)[cH:13][c:14]([CH3:15])[c:16]1[CH3:17])[NH:18][c:19]1[c:20]([F:21])[cH:22][cH:23][c:24]([OH:25])[c:26]1[F:27],[CH2:1]([c:2]1[cH:3][c:4](-[c:5]2[cH:6][c:7]([F:8])[cH:9][c:10]([F:11])[cH:12]2)[cH:13][c:14]([CH3:15])[c:16]1[CH3:17])[NH:18][c:19]1[c:20]([F:21])[cH:22][cH:23][c:24]([OH:25])[c:26]1[F:27],0,1,1,True,1,[1],"[""degree"", ""hybridization"", ""total_h""]",True,True,STRUCTURALLY_SUPPORTED,Changed RC atom is supported by a change in its heavy-atom/bond local environment in the recorded product.,"[{""map_num"": 1, ""element"": ""C"", ""state_changes"": {""total_h"": {""reactant"": 0, ""product"": 2}, ""degree"": {""reactant"": 3, ""product"": 2}, ""hybridization"": {""reactant"": 3, ""product"": 4}}, ""reactant_environment"": [[""M18"", ""SINGLE""], [""M2"", ""SINGLE""], [""U8:0"", ""DOUBLE""]], ""product_environment"": [[""M18"", ""SINGLE""], [""M2"", ""SINGLE""]], ""local_environment_changed"": true}]",,
23,10609,train,10609,19981,CC(C)(C)OC(=O)NC(Cc1c[nH]c2ccccc12)C(=O)N1CCc2ccccc2C1.ClCCl.O=C(O)C(F)(F)F,NC(Cc1c[nH]c2ccccc12)C(=O)N1CCc2ccccc2C1,CC(C)(C)OC(=O)[NH:1][CH:2]([CH2:3][c:4]1[cH:5][nH:6][c:7]2[cH:8][cH:9][cH:10][cH:11][c:12]12)[C:13](=[O:14])[N:15]1[CH2:16][CH2:17][c:18]2[cH:19][cH:20][cH:21][cH:22][c:23]2[CH2:24]1.ClCCl.O=C(O)C(F)(F)F,[NH2:1][CH:2]([CH2:3][c:4]1[cH:5][nH:6][c:7]2[cH:8][cH:9][cH:10][cH:11][c:12]12)[C:13](=[O:14])[N:15]1[CH2:16][CH2:17][c:18]2[cH:19][cH:20][cH:21][cH:22][c:23]2[CH2:24]1,0,1,1,True,1,[1],"[""degree"", ""hybridization"", ""total_h""]",True,True,STRUCTURALLY_SUPPORTED,Changed RC atom is supported by a change in its heavy-atom/bond local environment in the recorded product.,"[{""map_num"": 1, ""element"": ""N"", ""state_changes"": {""total_h"": {""reactant"": 1, ""product"": 2}, ""degree"": {""reactant"": 2, ""product"": 1}, ""hybridization"": {""reactant"": 3, ""product"": 4}}, ""reactant_environment"": [[""M2"", ""SINGLE""], [""U6:0"", ""SINGLE""]], ""product_environment"": [[""M2"", ""SINGLE""]], ""local_environment_changed"": true}]",,
24,10638,train,10638,44389,CCO.CCOC(C)=O.COc1ccc([N+](=O)[O-])cc1C.[H][H].[Pd],COc1ccc(N)cc1C,CCO.CCOC(C)=O.O=[N+:1]([O-])[c:2]1[cH:3][cH:4][c:5]([O:6][CH3:7])[c:8]([CH3:9])[cH:10]1.[H][H].[Pd],[NH2:1][c:2]1[cH:3][cH:4][c:5]([O:6][CH3:7])[c:8]([CH3:9])[cH:10]1,0,1,1,True,1,[1],"[""degree"", ""formal_charge"", ""total_h""]",True,True,STRUCTURALLY_SUPPORTED,Changed RC atom is supported by a change in its heavy-atom/bond local environment in the recorded product.,"[{""map_num"": 1, ""element"": ""N"", ""state_changes"": {""formal_charge"": {""reactant"": 1, ""product"": 0}, ""total_h"": {""reactant"": 0, ""product"": 2}, ""degree"": {""reactant"": 3, ""product"": 1}}, ""reactant_environment"": [[""M2"", ""SINGLE""], [""U8:-1"", ""SINGLE""], [""U8:0"", ""DOUBLE""]], ""product_environment"": [[""M2"", ""SINGLE""]], ""local_environment_changed"": true}]",,
25,10892,train,10892,49039,C1CCOC1.[Al+3].[H-].[H-].[H-].[H-].[Li+].CC(C)(C)OC(=O)NC[C@@H]1CC[C@@H](CN=[N+]=[N-])CC1,CC(C)(C)OC(=O)NC[C@@H]1CC[C@@H](CN)CC1,C1CCOC1.[Al+3].[H-].[H-].[H-].[H-].[Li+].[N-]=[N+]=[N:1][CH2:2][C@H:3]1[CH2:4][CH2:5][C@H:6]([CH2:7][NH:8][C:9]([O:10][C:11]([CH3:12])([CH3:13])[CH3:14])=[O:15])[CH2:16][CH2:17]1,[NH2:1][CH2:2][C@H:3]1[CH2:4][CH2:5][C@H:6]([CH2:7][NH:8][C:9]([O:10][C:11]([CH3:12])([CH3:13])[CH3:14])=[O:15])[CH2:16][CH2:17]1,0,1,1,True,1,[1],"[""degree"", ""hybridization"", ""total_h""]",True,True,STRUCTURALLY_SUPPORTED,Changed RC atom is supported by a change in its heavy-atom/bond local environment in the recorded product.,"[{""map_num"": 1, ""element"": ""N"", ""state_changes"": {""total_h"": {""reactant"": 0, ""product"": 2}, ""degree"": {""reactant"": 2, ""product"": 1}, ""hybridization"": {""reactant"": 3, ""product"": 4}}, ""reactant_environment"": [[""M2"", ""SINGLE""], [""U7:1"", ""DOUBLE""]], ""product_environment"": [[""M2"", ""SINGLE""]], ""local_environment_changed"": true}]",,
26,12160,train,12160,3196,C1CCOC1.CCN(CC)CC.COC(=O)c1nc(Cl)c(N)nc1N.O=CO.c1ccc([PH](c2ccccc2)(c2ccccc2)[Pd]([PH](c2ccccc2)(c2ccccc2)c2ccccc2)([PH](c2ccccc2)(c2ccccc2)c2ccccc2)[PH](c2ccccc2)(c2ccccc2)c2ccccc2)cc1,COC(=O)c1ncc(N)nc1N,C1CCOC1.CCN(CC)CC.Cl[c:1]1[n:2][c:3]([C:4]([O:5][CH3:6])=[O:7])[c:8]([NH2:9])[n:10][c:11]1[NH2:12].O=CO.c1ccc([PH](c2ccccc2)(c2ccccc2)[Pd]([PH](c2ccccc2)(c2ccccc2)c2ccccc2)([PH](c2ccccc2)(c2ccccc2)c2ccccc2)[PH](c2ccccc2)(c2ccccc2)c2ccccc2)cc1,[cH:1]1[n:2][c:3]([C:4]([O:5][CH3:6])=[O:7])[c:8]([NH2:9])[n:10][c:11]1[NH2:12],0,1,1,True,1,[1],"[""degree"", ""total_h""]",True,True,STRUCTURALLY_SUPPORTED,Changed RC atom is supported by a change in its heavy-atom/bond local environment in the recorded product.,"[{""map_num"": 1, ""element"": ""C"", ""state_changes"": {""total_h"": {""reactant"": 0, ""product"": 1}, ""degree"": {""reactant"": 3, ""product"": 2}}, ""reactant_environment"": [[""M11"", ""AROMATIC""], [""M2"", ""AROMATIC""], [""U17:0"", ""SINGLE""]], ""product_environment"": [[""M11"", ""AROMATIC""], [""M2"", ""AROMATIC""]], ""local_environment_changed"": true}]",,
27,12471,train,12471,42530,C1COCCO1.Cc1c(NCCN2CCCC2)cc(-c2nc(-c3ccccc3)no2)cc1N1CCN(C(=O)OC(C)(C)C)CC1.CO.Cl,Cc1c(NCCN2CCCC2)cc(-c2nc(-c3ccccc3)no2)cc1N1CCNCC1.Cl,C1COCCO1.CC(C)(C)OC(=O)[N:2]1[CH2:3][CH2:4][N:5]([c:6]2[c:7]([CH3:8])[c:9]([NH:10][CH2:11][CH2:12][N:13]3[CH2:14][CH2:15][CH2:16][CH2:17]3)[cH:18][c:19](-[c:20]3[n:21][c:22](-[c:23]4[cH:24][cH:25][cH:26][cH:27][cH:28]4)[n:29][o:30]3)[cH:31]2)[CH2:32][CH2:33]1.CO.[ClH:1],[ClH:1].[NH:2]1[CH2:3][CH2:4][N:5]([c:6]2[c:7]([CH3:8])[c:9]([NH:10][CH2:11][CH2:12][N:13]3[CH2:14][CH2:15][CH2:16][CH2:17]3)[cH:18][c:19](-[c:20]3[n:21][c:22](-[c:23]4[cH:24][cH:25][cH:26][cH:27][cH:28]4)[n:29][o:30]3)[cH:31]2)[CH2:32][CH2:33]1,0,1,1,True,1,[2],"[""degree"", ""hybridization"", ""total_h""]",True,True,STRUCTURALLY_SUPPORTED,Changed RC atom is supported by a change in its heavy-atom/bond local environment in the recorded product.,"[{""map_num"": 2, ""element"": ""N"", ""state_changes"": {""total_h"": {""reactant"": 0, ""product"": 1}, ""degree"": {""reactant"": 3, ""product"": 2}, ""hybridization"": {""reactant"": 3, ""product"": 4}}, ""reactant_environment"": [[""M3"", ""SINGLE""], [""M33"", ""SINGLE""], [""U6:0"", ""SINGLE""]], ""product_environment"": [[""M3"", ""SINGLE""], [""M33"", ""SINGLE""]], ""local_environment_changed"": true}]",,
28,12917,train,12917,13412,C1COCCO1.C1COCCO1.CC(C)(C)OC(=O)N1CCC(Cc2ccc3c(n2)NCCC3)CC1.Cl,c1cc2c(nc1CC1CCNCC1)NCCC2,C1COCCO1.C1COCCO1.CC(C)(C)OC(=O)[N:1]1[CH2:2][CH2:3][CH:4]([CH2:5][c:6]2[cH:7][cH:8][c:9]3[c:10]([n:11]2)[NH:12][CH2:13][CH2:14][CH2:15]3)[CH2:16][CH2:17]1.Cl,[NH:1]1[CH2:2][CH2:3][CH:4]([CH2:5][c:6]2[cH:7][cH:8][c:9]3[c:10]([n:11]2)[NH:12][CH2:13][CH2:14][CH2:15]3)[CH2:16][CH2:17]1,0,1,1,True,1,[1],"[""degree"", ""hybridization"", ""total_h""]",True,True,STRUCTURALLY_SUPPORTED,Changed RC atom is supported by a change in its heavy-atom/bond local environment in the recorded product.,"[{""map_num"": 1, ""element"": ""N"", ""state_changes"": {""total_h"": {""reactant"": 0, ""product"": 1}, ""degree"": {""reactant"": 3, ""product"": 2}, ""hybridization"": {""reactant"": 3, ""product"": 4}}, ""reactant_environment"": [[""M17"", ""SINGLE""], [""M2"", ""SINGLE""], [""U6:0"", ""SINGLE""]], ""product_environment"": [[""M17"", ""SINGLE""], [""M2"", ""SINGLE""]], ""local_environment_changed"": true}]",,
29,13318,train,13318,33929,C1CCOC1.CC(=O)Nc1c(C(=O)c2cc(CO[Si](C)(C)C(C)(C)C)ccn2)[nH]c2cc(Cl)ccc12.CCCC[N+](CCCC)(CCCC)CCCC.O.[F-].[K+].[OH-],CC(=O)Nc1c(C(=O)c2cc(CO)ccn2)[nH]c2cc(Cl)ccc12,C1CCOC1.CC(C)(C)[Si](C)(C)[O:1][CH2:2][c:3]1[cH:4][c:5]([C:6]([c:7]2[c:8]([NH:9][C:10]([CH3:11])=[O:12])[c:13]3[c:14]([nH:15]2)[cH:16][c:17]([Cl:18])[cH:19][cH:20]3)=[O:21])[n:22][cH:23][cH:24]1.CCCC[N+](CCCC)(CCCC)CCCC.O.[F-].[K+].[OH-],[OH:1][CH2:2][c:3]1[cH:4][c:5]([C:6]([c:7]2[c:8]([NH:9][C:10]([CH3:11])=[O:12])[c:13]3[c:14]([nH:15]2)[cH:16][c:17]([Cl:18])[cH:19][cH:20]3)=[O:21])[n:22][cH:23][cH:24]1,0,1,1,True,1,[1],"[""degree"", ""total_h""]",True,True,STRUCTURALLY_SUPPORTED,Changed RC atom is supported by a change in its heavy-atom/bond local environment in the recorded product.,"[{""map_num"": 1, ""element"": ""O"", ""state_changes"": {""total_h"": {""reactant"": 0, ""product"": 1}, ""degree"": {""reactant"": 2, ""product"": 1}}, ""reactant_environment"": [[""M2"", ""SINGLE""], [""U14:0"", ""SINGLE""]], ""product_environment"": [[""M2"", ""SINGLE""]], ""local_environment_changed"": true}]",,
30,13418,train,13418,49815,CCC[C@H](NC(=O)[C@@H]1C[C@@H](Oc2cc(-c3ccccc3)nc3cc(OC)ccc23)CN1C(=O)OC(C)(C)C)C(=O)NS(=O)(=O)c1ccccc1.Cc1ccccc1.ClCCl.O=C(O)C(F)(F)F,CCC[C@H](NC(=O)[C@@H]1C[C@@H](Oc2cc(-c3ccccc3)nc3cc(OC)ccc23)CN1)C(=O)NS(=O)(=O)c1ccccc1,CC(C)(C)OC(=O)[N:1]1[C@H:2]([C:3]([NH:4][C@@H:5]([CH2:6][CH2:7][CH3:8])[C:9](=[O:10])[NH:11][S:12](=[O:13])(=[O:14])[c:15]2[cH:16][cH:17][cH:18][cH:19][cH:20]2)=[O:21])[CH2:22][C@@H:23]([O:24][c:25]2[cH:26][c:27](-[c:28]3[cH:29][cH:30][cH:31][cH:32][cH:33]3)[n:34][c:35]3[cH:36][c:37]([O:38][CH3:39])[cH:40][cH:41][c:42]23)[CH2:43]1.Cc1ccccc1.ClCCl.O=C(O)C(F)(F)F,[NH:1]1[C@H:2]([C:3]([NH:4][C@@H:5]([CH2:6][CH2:7][CH3:8])[C:9](=[O:10])[NH:11][S:12](=[O:13])(=[O:14])[c:15]2[cH:16][cH:17][cH:18][cH:19][cH:20]2)=[O:21])[CH2:22][C@@H:23]([O:24][c:25]2[cH:26][c:27](-[c:28]3[cH:29][cH:30][cH:31][cH:32][cH:33]3)[n:34][c:35]3[cH:36][c:37]([O:38][CH3:39])[cH:40][cH:41][c:42]23)[CH2:43]1,0,1,1,True,1,[1],"[""degree"", ""hybridization"", ""total_h""]",True,True,STRUCTURALLY_SUPPORTED,Changed RC atom is supported by a change in its heavy-atom/bond local environment in the recorded product.,"[{""map_num"": 1, ""element"": ""N"", ""state_changes"": {""total_h"": {""reactant"": 0, ""product"": 1}, ""degree"": {""reactant"": 3, ""product"": 2}, ""hybridization"": {""reactant"": 3, ""product"": 4}}, ""reactant_environment"": [[""M2"", ""SINGLE""], [""M43"", ""SINGLE""], [""U6:0"", ""SINGLE""]], ""product_environment"": [[""M2"", ""SINGLE""], [""M43"", ""SINGLE""]], ""local_environment_changed"": true}]",,
31,13761,train,13761,29150,COc1ccc2c(=O)nc(-c3cccc(CCC(=O)OC(C)(C)C)n3)sc2c1.O=C(O)C(F)(F)F,COc1ccc2c(=O)nc(-c3cccc(CCC(=O)O)n3)sc2c1,CC(C)(C)[O:1][C:2]([CH2:3][CH2:4][c:5]1[cH:6][cH:7][cH:8][c:9](-[c:10]2[s:11][c:12]3[c:13]([cH:14][cH:15][c:16]([O:17][CH3:18])[cH:19]3)[c:20](=[O:21])[n:22]2)[n:23]1)=[O:24].O=C(O)C(F)(F)F,[OH:1][C:2]([CH2:3][CH2:4][c:5]1[cH:6][cH:7][cH:8][c:9](-[c:10]2[s:11][c:12]3[c:13]([cH:14][cH:15][c:16]([O:17][CH3:18])[cH:19]3)[c:20](=[O:21])[n:22]2)[n:23]1)=[O:24],0,1,1,True,1,[1],"[""degree"", ""total_h""]",True,True,STRUCTURALLY_SUPPORTED,Changed RC atom is supported by a change in its heavy-atom/bond local environment in the recorded product.,"[{""map_num"": 1, ""element"": ""O"", ""state_changes"": {""total_h"": {""reactant"": 0, ""product"": 1}, ""degree"": {""reactant"": 2, ""product"": 1}}, ""reactant_environment"": [[""M2"", ""SINGLE""], [""U6:0"", ""SINGLE""]], ""product_environment"": [[""M2"", ""SINGLE""]], ""local_environment_changed"": true}]",,
32,14573,train,14573,7293,COc1cc(C)c2[nH]c(=O)c3sccc3c2c1-c1ccc(N(C)CCNC(=O)OC(C)(C)C)cc1.Cl,COc1cc(C)c2[nH]c(=O)c3sccc3c2c1-c1ccc(N(C)CCN)cc1.Cl,CC(C)(C)OC(=O)[NH:2][CH2:3][CH2:4][N:5]([c:6]1[cH:7][cH:8][c:9](-[c:10]2[c:11]([O:12][CH3:13])[cH:14][c:15]([CH3:16])[c:17]3[c:18]2[c:19]2[cH:20][cH:21][s:22][c:23]2[c:24](=[O:25])[nH:26]3)[cH:27][cH:28]1)[CH3:29].[ClH:1],[ClH:1].[NH2:2][CH2:3][CH2:4][N:5]([c:6]1[cH:7][cH:8][c:9](-[c:10]2[c:11]([O:12][CH3:13])[cH:14][c:15]([CH3:16])[c:17]3[c:18]2[c:19]2[cH:20][cH:21][s:22][c:23]2[c:24](=[O:25])[nH:26]3)[cH:27][cH:28]1)[CH3:29],0,1,1,True,1,[2],"[""degree"", ""hybridization"", ""total_h""]",True,True,STRUCTURALLY_SUPPORTED,Changed RC atom is supported by a change in its heavy-atom/bond local environment in the recorded product.,"[{""map_num"": 2, ""element"": ""N"", ""state_changes"": {""total_h"": {""reactant"": 1, ""product"": 2}, ""degree"": {""reactant"": 2, ""product"": 1}, ""hybridization"": {""reactant"": 3, ""product"": 4}}, ""reactant_environment"": [[""M3"", ""SINGLE""], [""U6:0"", ""SINGLE""]], ""product_environment"": [[""M3"", ""SINGLE""]], ""local_environment_changed"": true}]",,
33,14600,train,14600,47440,C1COCCO1.CC(C)(C)OC(=O)N[C@H]1CC[C@@H](n2c(=O)c3cc(F)cnc3n(C3CCSCC3)c2=O)CC1.Cl,Cl.N[C@H]1CC[C@@H](n2c(=O)c3cc(F)cnc3n(C3CCSCC3)c2=O)CC1,C1COCCO1.CC(C)(C)OC(=O)[NH:2][C@H:3]1[CH2:4][CH2:5][C@@H:6]([n:7]2[c:8](=[O:9])[c:10]3[cH:11][c:12]([F:13])[cH:14][n:15][c:16]3[n:17]([CH:18]3[CH2:19][CH2:20][S:21][CH2:22][CH2:23]3)[c:24]2=[O:25])[CH2:26][CH2:27]1.[ClH:1],[ClH:1].[NH2:2][C@H:3]1[CH2:4][CH2:5][C@@H:6]([n:7]2[c:8](=[O:9])[c:10]3[cH:11][c:12]([F:13])[cH:14][n:15][c:16]3[n:17]([CH:18]3[CH2:19][CH2:20][S:21][CH2:22][CH2:23]3)[c:24]2=[O:25])[CH2:26][CH2:27]1,0,1,1,True,1,[2],"[""degree"", ""hybridization"", ""total_h""]",True,True,STRUCTURALLY_SUPPORTED,Changed RC atom is supported by a change in its heavy-atom/bond local environment in the recorded product.,"[{""map_num"": 2, ""element"": ""N"", ""state_changes"": {""total_h"": {""reactant"": 1, ""product"": 2}, ""degree"": {""reactant"": 2, ""product"": 1}, ""hybridization"": {""reactant"": 3, ""product"": 4}}, ""reactant_environment"": [[""M3"", ""SINGLE""], [""U6:0"", ""SINGLE""]], ""product_environment"": [[""M3"", ""SINGLE""]], ""local_environment_changed"": true}]",,
34,15291,train,15291,14949,CC[SiH](CC)CC.ClCCl.O=C(O)C(F)(F)F.O=C([O-])O.COC(=O)c1cccc(C(O)c2c(C3CCCCC3)nn3cc(OC)ccc23)n1.[Na+],COC(=O)c1cccc(Cc2c(C3CCCCC3)nn3cc(OC)ccc23)n1,CC[SiH](CC)CC.ClCCl.O=C(O)C(F)(F)F.O=C([O-])O.O[CH:1]([c:2]1[cH:3][cH:4][cH:5][c:6]([C:7]([O:8][CH3:9])=[O:10])[n:11]1)[c:12]1[c:13]([CH:14]2[CH2:15][CH2:16][CH2:17][CH2:18][CH2:19]2)[n:20][n:21]2[cH:22][c:23]([O:24][CH3:25])[cH:26][cH:27][c:28]12.[Na+],[CH2:1]([c:2]1[cH:3][cH:4][cH:5][c:6]([C:7]([O:8][CH3:9])=[O:10])[n:11]1)[c:12]1[c:13]([CH:14]2[CH2:15][CH2:16][CH2:17][CH2:18][CH2:19]2)[n:20][n:21]2[cH:22][c:23]([O:24][CH3:25])[cH:26][cH:27][c:28]12,0,1,1,True,1,[1],"[""degree"", ""total_h""]",True,True,STRUCTURALLY_SUPPORTED,Changed RC atom is supported by a change in its heavy-atom/bond local environment in the recorded product.,"[{""map_num"": 1, ""element"": ""C"", ""state_changes"": {""total_h"": {""reactant"": 1, ""product"": 2}, ""degree"": {""reactant"": 3, ""product"": 2}}, ""reactant_environment"": [[""M12"", ""SINGLE""], [""M2"", ""SINGLE""], [""U8:0"", ""SINGLE""]], ""product_environment"": [[""M12"", ""SINGLE""], [""M2"", ""SINGLE""]], ""local_environment_changed"": true}]",,
35,15530,train,15530,16486,Cc1cc(-n2ccnc2)ccc1[N+](=O)[O-].[Pd],Cc1cc(-n2ccnc2)ccc1N,O=[N+:1]([O-])[c:2]1[c:3]([CH3:4])[cH:5][c:6](-[n:7]2[cH:8][cH:9][n:10][cH:11]2)[cH:12][cH:13]1.[Pd],[NH2:1][c:2]1[c:3]([CH3:4])[cH:5][c:6](-[n:7]2[cH:8][cH:9][n:10][cH:11]2)[cH:12][cH:13]1,0,1,1,True,1,[1],"[""degree"", ""formal_charge"", ""total_h""]",True,True,STRUCTURALLY_SUPPORTED,Changed RC atom is supported by a change in its heavy-atom/bond local environment in the recorded product.,"[{""map_num"": 1, ""element"": ""N"", ""state_changes"": {""formal_charge"": {""reactant"": 1, ""product"": 0}, ""total_h"": {""reactant"": 0, ""product"": 2}, ""degree"": {""reactant"": 3, ""product"": 1}}, ""reactant_environment"": [[""M2"", ""SINGLE""], [""U8:-1"", ""SINGLE""], [""U8:0"", ""DOUBLE""]], ""product_environment"": [[""M2"", ""SINGLE""]], ""local_environment_changed"": true}]",,
36,15739,train,15739,8866,C1CCOC1.CO.Cc1cc(Oc2ncccc2[N+](=O)[O-])n(-c2ccccc2)n1.[Pd],Cc1cc(Oc2ncccc2N)n(-c2ccccc2)n1,C1CCOC1.CO.O=[N+:1]([O-])[c:2]1[c:3]([O:4][c:5]2[cH:6][c:7]([CH3:8])[n:9][n:10]2-[c:11]2[cH:12][cH:13][cH:14][cH:15][cH:16]2)[n:17][cH:18][cH:19][cH:20]1.[Pd],[NH2:1][c:2]1[c:3]([O:4][c:5]2[cH:6][c:7]([CH3:8])[n:9][n:10]2-[c:11]2[cH:12][cH:13][cH:14][cH:15][cH:16]2)[n:17][cH:18][cH:19][cH:20]1,0,1,1,True,1,[1],"[""degree"", ""formal_charge"", ""total_h""]",True,True,STRUCTURALLY_SUPPORTED,Changed RC atom is supported by a change in its heavy-atom/bond local environment in the recorded product.,"[{""map_num"": 1, ""element"": ""N"", ""state_changes"": {""formal_charge"": {""reactant"": 1, ""product"": 0}, ""total_h"": {""reactant"": 0, ""product"": 2}, ""degree"": {""reactant"": 3, ""product"": 1}}, ""reactant_environment"": [[""M2"", ""SINGLE""], [""U8:-1"", ""SINGLE""], [""U8:0"", ""DOUBLE""]], ""product_environment"": [[""M2"", ""SINGLE""]], ""local_environment_changed"": true}]",,
37,16025,train,16025,94,C#Cc1cccc(Nc2ncnc3cc(OC)c(OCCCN4CC5CN(C(=O)OC(C)(C)C)CC5C4)cc23)c1.CCOC(C)=O.Cl.ClCCl,C#Cc1cccc(Nc2ncnc3cc(OC)c(OCCCN4CC5CNCC5C4)cc23)c1,CC(C)(C)OC(=O)[N:1]1[CH2:2][CH:3]2[CH2:4][N:5]([CH2:6][CH2:7][CH2:8][O:9][c:10]3[c:11]([O:12][CH3:13])[cH:14][c:15]4[n:16][cH:17][n:18][c:19]([NH:20][c:21]5[cH:22][cH:23][cH:24][c:25]([C:26]#[CH:27])[cH:28]5)[c:29]4[cH:30]3)[CH2:31][CH:32]2[CH2:33]1.CCOC(C)=O.Cl.ClCCl,[NH:1]1[CH2:2][CH:3]2[CH2:4][N:5]([CH2:6][CH2:7][CH2:8][O:9][c:10]3[c:11]([O:12][CH3:13])[cH:14][c:15]4[n:16][cH:17][n:18][c:19]([NH:20][c:21]5[cH:22][cH:23][cH:24][c:25]([C:26]#[CH:27])[cH:28]5)[c:29]4[cH:30]3)[CH2:31][CH:32]2[CH2:33]1,0,1,1,True,1,[1],"[""degree"", ""hybridization"", ""total_h""]",True,True,STRUCTURALLY_SUPPORTED,Changed RC atom is supported by a change in its heavy-atom/bond local environment in the recorded product.,"[{""map_num"": 1, ""element"": ""N"", ""state_changes"": {""total_h"": {""reactant"": 0, ""product"": 1}, ""degree"": {""reactant"": 3, ""product"": 2}, ""hybridization"": {""reactant"": 3, ""product"": 4}}, ""reactant_environment"": [[""M2"", ""SINGLE""], [""M33"", ""SINGLE""], [""U6:0"", ""SINGLE""]], ""product_environment"": [[""M2"", ""SINGLE""], [""M33"", ""SINGLE""]], ""local_environment_changed"": true}]",,
38,16331,train,16331,2642,C1CCOC1.CC(C)(C)OC(=O)N1CCC(c2ncc(-c3ccc([N+](=O)[O-])cc3)s2)CC1.CCOC(C)=O.Cl,Cl.O=[N+]([O-])c1ccc(-c2cnc(C3CCNCC3)s2)cc1,C1CCOC1.CC(C)(C)OC(=O)[N:2]1[CH2:3][CH2:4][CH:5]([c:6]2[n:7][cH:8][c:9](-[c:10]3[cH:18][cH:17][c:13]([N+:14](=[O:15])[O-:16])[cH:12][cH:11]3)[s:19]2)[CH2:20][CH2:21]1.CCOC(C)=O.[ClH:1],[ClH:1].[NH:2]1[CH2:3][CH2:4][CH:5]([c:6]2[n:7][cH:8][c:9](-[c:10]3[cH:11][cH:12][c:13]([N+:14](=[O:15])[O-:16])[cH:17][cH:18]3)[s:19]2)[CH2:20][CH2:21]1,0,1,1,True,1,[2],"[""degree"", ""hybridization"", ""total_h""]",True,True,STRUCTURALLY_SUPPORTED,Changed RC atom is supported by a change in its heavy-atom/bond local environment in the recorded product.,"[{""map_num"": 2, ""element"": ""N"", ""state_changes"": {""total_h"": {""reactant"": 0, ""product"": 1}, ""degree"": {""reactant"": 3, ""product"": 2}, ""hybridization"": {""reactant"": 3, ""product"": 4}}, ""reactant_environment"": [[""M21"", ""SINGLE""], [""M3"", ""SINGLE""], [""U6:0"", ""SINGLE""]], ""product_environment"": [[""M21"", ""SINGLE""], [""M3"", ""SINGLE""]], ""local_environment_changed"": true}]",,
39,16919,train,16919,8826,CC(=O)O.O=C(Nc1cc(Oc2ccc([N+](=O)[O-])cn2)ccc1Cl)C(F)(F)F,Nc1ccc(Oc2ccc(Cl)c(NC(=O)C(F)(F)F)c2)nc1,CC(=O)O.O=[N+:1]([O-])[c:2]1[cH:3][cH:4][c:5]([O:6][c:7]2[cH:8][c:9]([NH:10][C:11](=[O:12])[C:13]([F:14])([F:15])[F:16])[c:17]([Cl:18])[cH:19][cH:20]2)[n:21][cH:22]1,[NH2:1][c:2]1[cH:3][cH:4][c:5]([O:6][c:7]2[cH:8][c:9]([NH:10][C:11](=[O:12])[C:13]([F:14])([F:15])[F:16])[c:17]([Cl:18])[cH:19][cH:20]2)[n:21][cH:22]1,0,1,1,True,1,[1],"[""degree"", ""formal_charge"", ""total_h""]",True,True,STRUCTURALLY_SUPPORTED,Changed RC atom is supported by a change in its heavy-atom/bond local environment in the recorded product.,"[{""map_num"": 1, ""element"": ""N"", ""state_changes"": {""formal_charge"": {""reactant"": 1, ""product"": 0}, ""total_h"": {""reactant"": 0, ""product"": 2}, ""degree"": {""reactant"": 3, ""product"": 1}}, ""reactant_environment"": [[""M2"", ""SINGLE""], [""U8:-1"", ""SINGLE""], [""U8:0"", ""DOUBLE""]], ""product_environment"": [[""M2"", ""SINGLE""]], ""local_environment_changed"": true}]",,
40,17864,train,17864,46364,CC(=O)NCCOC(c1ccc(F)cc1)c1ccc(F)cc1.CC(=O)NCCOC(c1ccc(F)cc1)c1ccccc1Cl.Cl.O=C(O)/C=C\C(=O)O,NCCOC(c1ccc(F)cc1)c1ccccc1Cl.O=C(O)/C=C\C(=O)O,CC(=O)NCCOC(c1ccc(F)cc1)c1ccc(F)cc1.CC(=O)[NH:1][CH2:2][CH2:3][O:4][CH:5]([c:6]1[cH:7][cH:8][c:9]([F:10])[cH:11][cH:12]1)[c:13]1[cH:14][cH:15][cH:16][cH:17][c:18]1[Cl:19].Cl.[O:20]=[C:21]([OH:22])/[CH:23]=[CH:24]\[C:25](=[O:26])[OH:27],[NH2:1][CH2:2][CH2:3][O:4][CH:5]([c:6]1[cH:7][cH:8][c:9]([F:10])[cH:11][cH:12]1)[c:13]1[cH:14][cH:15][cH:16][cH:17][c:18]1[Cl:19].[O:20]=[C:21]([OH:22])/[CH:23]=[CH:24]\[C:25](=[O:26])[OH:27],0,1,1,True,1,[1],"[""degree"", ""hybridization"", ""total_h""]",True,True,STRUCTURALLY_SUPPORTED,Changed RC atom is supported by a change in its heavy-atom/bond local environment in the recorded product.,"[{""map_num"": 1, ""element"": ""N"", ""state_changes"": {""total_h"": {""reactant"": 1, ""product"": 2}, ""degree"": {""reactant"": 2, ""product"": 1}, ""hybridization"": {""reactant"": 3, ""product"": 4}}, ""reactant_environment"": [[""M2"", ""SINGLE""], [""U6:0"", ""SINGLE""]], ""product_environment"": [[""M2"", ""SINGLE""]], ""local_environment_changed"": true}]",,
41,17871,train,17871,8469,C1CCC2=NCCCN2CC1.CCN(C(C)C)C(C)C.CCOC(C)=O.Cl.O=C(Cl)Cc1ccccc1.COCCCN1C(=O)C(C)(C)Oc2ccc(N(C(=O)[C@@H]3C[C@H](NC(=O)Cc4ccccc4)CN(C(=O)OCC4c5ccccc5-c5ccccc54)C3)C3CC3)cc21,COCCCN1C(=O)C(C)(C)Oc2ccc(N(C(=O)[C@H]3CNC[C@@H](NC(=O)Cc4ccccc4)C3)C3CC3)cc21,C1CCC2=NCCCN2CC1.CCN(C(C)C)C(C)C.CCOC(C)=O.Cl.O=C(Cl)Cc1ccccc1.O=C(OCC1c2ccccc2-c2ccccc21)[N:1]1[CH2:2][C@@H:3]([NH:4][C:5](=[O:6])[CH2:7][c:8]2[cH:9][cH:10][cH:11][cH:12][cH:13]2)[CH2:14][C@@H:15]([C:16]([N:17]([c:18]2[cH:19][cH:20][c:21]3[c:22]([cH:23]2)[N:24]([CH2:25][CH2:26][CH2:27][O:28][CH3:29])[C:30](=[O:31])[C:32]([CH3:33])([CH3:34])[O:35]3)[CH:36]2[CH2:37][CH2:38]2)=[O:39])[CH2:40]1,[NH:1]1[CH2:2][C@@H:3]([NH:4][C:5](=[O:6])[CH2:7][c:8]2[cH:9][cH:10][cH:11][cH:12][cH:13]2)[CH2:14][C@@H:15]([C:16]([N:17]([c:18]2[cH:19][cH:20][c:21]3[c:22]([cH:23]2)[N:24]([CH2:25][CH2:26][CH2:27][O:28][CH3:29])[C:30](=[O:31])[C:32]([CH3:33])([CH3:34])[O:35]3)[CH:36]2[CH2:37][CH2:38]2)=[O:39])[CH2:40]1,0,1,1,True,1,[1],"[""degree"", ""hybridization"", ""total_h""]",True,True,STRUCTURALLY_SUPPORTED,Changed RC atom is supported by a change in its heavy-atom/bond local environment in the recorded product.,"[{""map_num"": 1, ""element"": ""N"", ""state_changes"": {""total_h"": {""reactant"": 0, ""product"": 1}, ""degree"": {""reactant"": 3, ""product"": 2}, ""hybridization"": {""reactant"": 3, ""product"": 4}}, ""reactant_environment"": [[""M2"", ""SINGLE""], [""M40"", ""SINGLE""], [""U6:0"", ""SINGLE""]], ""product_environment"": [[""M2"", ""SINGLE""], [""M40"", ""SINGLE""]], ""local_environment_changed"": true}]",,
42,19141,train,19141,29494,CC(C)(C)OC(=O)NCCC1=C[C@@H](C(N)=O)N2C[C@@H]1N(OS(=O)(=O)O)C2=O.ClCCl.O=C(O)C(F)(F)F,NCCC1=C[C@@H](C(N)=O)N2C[C@@H]1N(OS(=O)(=O)O)C2=O,CC(C)(C)OC(=O)[NH:1][CH2:2][CH2:3][C:4]1=[CH:5][C@@H:6]([C:7]([NH2:8])=[O:9])[N:10]2[CH2:11][C@@H:12]1[N:13]([O:14][S:15](=[O:16])(=[O:17])[OH:18])[C:19]2=[O:20].ClCCl.O=C(O)C(F)(F)F,[NH2:1][CH2:2][CH2:3][C:4]1=[CH:5][C@@H:6]([C:7]([NH2:8])=[O:9])[N:10]2[CH2:11][C@@H:12]1[N:13]([O:14][S:15](=[O:16])(=[O:17])[OH:18])[C:19]2=[O:20],0,1,1,True,1,[1],"[""degree"", ""hybridization"", ""total_h""]",True,True,STRUCTURALLY_SUPPORTED,Changed RC atom is supported by a change in its heavy-atom/bond local environment in the recorded product.,"[{""map_num"": 1, ""element"": ""N"", ""state_changes"": {""total_h"": {""reactant"": 1, ""product"": 2}, ""degree"": {""reactant"": 2, ""product"": 1}, ""hybridization"": {""reactant"": 3, ""product"": 4}}, ""reactant_environment"": [[""M2"", ""SINGLE""], [""U6:0"", ""SINGLE""]], ""product_environment"": [[""M2"", ""SINGLE""]], ""local_environment_changed"": true}]",,
43,19586,train,19586,22291,CCO.O.O=C([O-])[O-].CC[C@H]1CN(C(=O)OCc2ccccc2)C[C@H]1OC(=O)c1ccccc1.[K+].[K+],CC[C@H]1CN(C(=O)OCc2ccccc2)C[C@H]1O,CCO.O.O=C([O-])[O-].O=C(c1ccccc1)[O:1][C@H:2]1[C@@H:3]([CH2:4][CH3:5])[CH2:6][N:7]([C:8](=[O:9])[O:10][CH2:11][c:12]2[cH:13][cH:14][cH:15][cH:16][cH:17]2)[CH2:18]1.[K+].[K+],[OH:1][C@H:2]1[C@@H:3]([CH2:4][CH3:5])[CH2:6][N:7]([C:8](=[O:9])[O:10][CH2:11][c:12]2[cH:13][cH:14][cH:15][cH:16][cH:17]2)[CH2:18]1,0,1,1,True,1,[1],"[""degree"", ""hybridization"", ""total_h""]",True,True,STRUCTURALLY_SUPPORTED,Changed RC atom is supported by a change in its heavy-atom/bond local environment in the recorded product.,"[{""map_num"": 1, ""element"": ""O"", ""state_changes"": {""total_h"": {""reactant"": 0, ""product"": 1}, ""degree"": {""reactant"": 2, ""product"": 1}, ""hybridization"": {""reactant"": 3, ""product"": 4}}, ""reactant_environment"": [[""M2"", ""SINGLE""], [""U6:0"", ""SINGLE""]], ""product_environment"": [[""M2"", ""SINGLE""]], ""local_environment_changed"": true}]",,
44,20315,train,20315,40391,C1CCOC1.O.[N-]=[N+]=NCCOc1ccc([N+](=O)[O-])cc1.c1ccc(P(c2ccccc2)c2ccccc2)cc1,NCCOc1ccc([N+](=O)[O-])cc1,C1CCOC1.O.[N-]=[N+]=[N:1][CH2:2][CH2:3][O:4][c:5]1[cH:6][cH:7][c:8]([N+:9](=[O:10])[O-:11])[cH:12][cH:13]1.c1ccc(P(c2ccccc2)c2ccccc2)cc1,[NH2:1][CH2:2][CH2:3][O:4][c:5]1[cH:6][cH:7][c:8]([N+:9](=[O:10])[O-:11])[cH:12][cH:13]1,0,1,1,True,1,[1],"[""degree"", ""hybridization"", ""total_h""]",True,True,STRUCTURALLY_SUPPORTED,Changed RC atom is supported by a change in its heavy-atom/bond local environment in the recorded product.,"[{""map_num"": 1, ""element"": ""N"", ""state_changes"": {""total_h"": {""reactant"": 0, ""product"": 2}, ""degree"": {""reactant"": 2, ""product"": 1}, ""hybridization"": {""reactant"": 3, ""product"": 4}}, ""reactant_environment"": [[""M2"", ""SINGLE""], [""U7:1"", ""DOUBLE""]], ""product_environment"": [[""M2"", ""SINGLE""]], ""local_environment_changed"": true}]",,
45,20905,train,20905,33652,BrB(Br)Br.COc1ccc(-c2ccccc2)c2c1CCC(=O)N2Cc1ccc(-c2ccccc2)cc1.ClCCl,O=C1CCc2c(O)ccc(-c3ccccc3)c2N1Cc1ccc(-c2ccccc2)cc1,BrB(Br)Br.C[O:1][c:2]1[cH:3][cH:4][c:5](-[c:6]2[cH:7][cH:8][cH:9][cH:10][cH:11]2)[c:12]2[c:13]1[CH2:14][CH2:15][C:16](=[O:17])[N:18]2[CH2:19][c:20]1[cH:21][cH:22][c:23](-[c:24]2[cH:25][cH:26][cH:27][cH:28][cH:29]2)[cH:30][cH:31]1.ClCCl,[OH:1][c:2]1[cH:3][cH:4][c:5](-[c:6]2[cH:7][cH:8][cH:9][cH:10][cH:11]2)[c:12]2[c:13]1[CH2:14][CH2:15][C:16](=[O:17])[N:18]2[CH2:19][c:20]1[cH:21][cH:22][c:23](-[c:24]2[cH:25][cH:26][cH:27][cH:28][cH:29]2)[cH:30][cH:31]1,0,1,1,True,1,[1],"[""degree"", ""total_h""]",True,True,STRUCTURALLY_SUPPORTED,Changed RC atom is supported by a change in its heavy-atom/bond local environment in the recorded product.,"[{""map_num"": 1, ""element"": ""O"", ""state_changes"": {""total_h"": {""reactant"": 0, ""product"": 1}, ""degree"": {""reactant"": 2, ""product"": 1}}, ""reactant_environment"": [[""M2"", ""SINGLE""], [""U6:0"", ""SINGLE""]], ""product_environment"": [[""M2"", ""SINGLE""]], ""local_environment_changed"": true}]",,
46,21052,train,21052,48825,C1CCOC1.Cc1ccccc1.O.O=C(O)C(CN1CCC(c2noc3cc(F)ccc23)CC1)c1ccccc1.[Al+3].[H-].[H-].[H-].[H-].[Li+],OCC(CN1CCC(c2noc3cc(F)ccc23)CC1)c1ccccc1,C1CCOC1.Cc1ccccc1.O.O=[C:1]([OH:2])[CH:3]([CH2:4][N:5]1[CH2:6][CH2:7][CH:8]([c:9]2[n:10][o:11][c:12]3[cH:13][c:14]([F:15])[cH:16][cH:17][c:18]23)[CH2:19][CH2:20]1)[c:21]1[cH:22][cH:23][cH:24][cH:25][cH:26]1.[Al+3].[H-].[H-].[H-].[H-].[Li+],[CH2:1]([OH:2])[CH:3]([CH2:4][N:5]1[CH2:6][CH2:7][CH:8]([c:9]2[n:10][o:11][c:12]3[cH:13][c:14]([F:15])[cH:16][cH:17][c:18]23)[CH2:19][CH2:20]1)[c:21]1[cH:22][cH:23][cH:24][cH:25][cH:26]1,0,2,2,True,2,"[1, 2]","[""degree"", ""hybridization"", ""total_h""]",True,True,STRUCTURALLY_SUPPORTED,Changed RC atom is supported by a change in its heavy-atom/bond local environment in the recorded product.,"[{""map_num"": 1, ""element"": ""C"", ""state_changes"": {""total_h"": {""reactant"": 0, ""product"": 2}, ""degree"": {""reactant"": 3, ""product"": 2}, ""hybridization"": {""reactant"": 3, ""product"": 4}}, ""reactant_environment"": [[""M2"", ""SINGLE""], [""M3"", ""SINGLE""], [""U8:0"", ""DOUBLE""]], ""product_environment"": [[""M2"", ""SINGLE""], [""M3"", ""SINGLE""]], ""local_environment_changed"": true}, {""map_num"": 2, ""element"": ""O"", ""state_changes"": {""hybridization"": {""reactant"": 3, ""product"": 4}}, ""reactant_environment"": [[""M1"", ""SINGLE""]], ""product_environment"": [[""M1"", ""SINGLE""]], ""local_environment_changed"": false}]",,
47,21056,train,21056,18287,CO.O.COC(=O)NC(=S)Nc1ccc(S(C)=O)cc1[N+](=O)[O-].[Fe],COC(=O)NC(=S)Nc1ccc(S(C)=O)cc1N,CO.O.O=[N+:1]([O-])[c:2]1[c:3]([NH:4][C:5]([NH:6][C:7]([O:8][CH3:9])=[O:10])=[S:11])[cH:12][cH:13][c:14]([S:15]([CH3:16])=[O:17])[cH:18]1.[Fe],[NH2:1][c:2]1[c:3]([NH:4][C:5]([NH:6][C:7]([O:8][CH3:9])=[O:10])=[S:11])[cH:12][cH:13][c:14]([S:15]([CH3:16])=[O:17])[cH:18]1,0,1,1,True,1,[1],"[""degree"", ""formal_charge"", ""total_h""]",True,True,STRUCTURALLY_SUPPORTED,Changed RC atom is supported by a change in its heavy-atom/bond local environment in the recorded product.,"[{""map_num"": 1, ""element"": ""N"", ""state_changes"": {""formal_charge"": {""reactant"": 1, ""product"": 0}, ""total_h"": {""reactant"": 0, ""product"": 2}, ""degree"": {""reactant"": 3, ""product"": 1}}, ""reactant_environment"": [[""M2"", ""SINGLE""], [""U8:-1"", ""SINGLE""], [""U8:0"", ""DOUBLE""]], ""product_environment"": [[""M2"", ""SINGLE""]], ""local_environment_changed"": true}]",,
48,21138,train,21138,14512,C1COCCO1.CN(C)CCOC(=O)c1cccc(CN2CN(c3ccccc3)C3(CCN(C(=O)OC(C)(C)C)CC3)C2=O)c1.Cl,CN(C)CCOC(=O)c1cccc(CN2CN(c3ccccc3)C3(CCNCC3)C2=O)c1,C1COCCO1.CC(C)(C)OC(=O)[N:1]1[CH2:2][CH2:3][C:4]2([N:5]([c:6]3[cH:7][cH:8][cH:9][cH:10][cH:11]3)[CH2:12][N:13]([CH2:14][c:15]3[cH:16][cH:17][cH:18][c:19]([C:20]([O:21][CH2:22][CH2:23][N:24]([CH3:25])[CH3:26])=[O:27])[cH:28]3)[C:29]2=[O:30])[CH2:31][CH2:32]1.Cl,[NH:1]1[CH2:2][CH2:3][C:4]2([N:5]([c:6]3[cH:7][cH:8][cH:9][cH:10][cH:11]3)[CH2:12][N:13]([CH2:14][c:15]3[cH:16][cH:17][cH:18][c:19]([C:20]([O:21][CH2:22][CH2:23][N:24]([CH3:25])[CH3:26])=[O:27])[cH:28]3)[C:29]2=[O:30])[CH2:31][CH2:32]1,0,1,1,True,1,[1],"[""degree"", ""hybridization"", ""total_h""]",True,True,STRUCTURALLY_SUPPORTED,Changed RC atom is supported by a change in its heavy-atom/bond local environment in the recorded product.,"[{""map_num"": 1, ""element"": ""N"", ""state_changes"": {""total_h"": {""reactant"": 0, ""product"": 1}, ""degree"": {""reactant"": 3, ""product"": 2}, ""hybridization"": {""reactant"": 3, ""product"": 4}}, ""reactant_environment"": [[""M2"", ""SINGLE""], [""M32"", ""SINGLE""], [""U6:0"", ""SINGLE""]], ""product_environment"": [[""M2"", ""SINGLE""], [""M32"", ""SINGLE""]], ""local_environment_changed"": true}]",,
49,22178,train,22178,6360,CCO.O.O=[N+]([O-])c1ccccc1Sc1ccncc1.[Cl-].[Fe].[NH4+],Nc1ccccc1Sc1ccncc1,CCO.O.O=[N+:1]([O-])[c:2]1[cH:3][cH:4][cH:5][cH:6][c:7]1[S:8][c:9]1[cH:10][cH:11][n:12][cH:13][cH:14]1.[Cl-].[Fe].[NH4+],[NH2:1][c:2]1[cH:3][cH:4][cH:5][cH:6][c:7]1[S:8][c:9]1[cH:10][cH:11][n:12][cH:13][cH:14]1,0,1,1,True,1,[1],"[""degree"", ""formal_charge"", ""total_h""]",True,True,STRUCTURALLY_SUPPORTED,Changed RC atom is supported by a change in its heavy-atom/bond local environment in the recorded product.,"[{""map_num"": 1, ""element"": ""N"", ""state_changes"": {""formal_charge"": {""reactant"": 1, ""product"": 0}, ""total_h"": {""reactant"": 0, ""product"": 2}, ""degree"": {""reactant"": 3, ""product"": 1}}, ""reactant_environment"": [[""M2"", ""SINGLE""], [""U8:-1"", ""SINGLE""], [""U8:0"", ""DOUBLE""]], ""product_environment"": [[""M2"", ""SINGLE""]], ""local_environment_changed"": true}]",,
50,23237,train,23237,23625,CC#N.CC(F)(F)CCC[C@@](O)(c1cccc(Cl)c1)[C@@H]1CCCN(C(=O)OC(C)(C)C)C1.Cl,CC(F)(F)CCC[C@@](O)(c1cccc(Cl)c1)[C@@H]1CCCNC1,CC#N.CC(C)(C)OC(=O)[N:1]1[CH2:2][CH2:3][CH2:4][C@@H:5]([C@:6]([CH2:7][CH2:8][CH2:9][C:10]([CH3:11])([F:12])[F:13])([OH:14])[c:15]2[cH:16][cH:17][cH:18][c:19]([Cl:20])[cH:21]2)[CH2:22]1.Cl,[NH:1]1[CH2:2][CH2:3][CH2:4][C@@H:5]([C@:6]([CH2:7][CH2:8][CH2:9][C:10]([CH3:11])([F:12])[F:13])([OH:14])[c:15]2[cH:16][cH:17][cH:18][c:19]([Cl:20])[cH:21]2)[CH2:22]1,0,1,1,True,1,[1],"[""degree"", ""hybridization"", ""total_h""]",True,True,STRUCTURALLY_SUPPORTED,Changed RC atom is supported by a change in its heavy-atom/bond local environment in the recorded product.,"[{""map_num"": 1, ""element"": ""N"", ""state_changes"": {""total_h"": {""reactant"": 0, ""product"": 1}, ""degree"": {""reactant"": 3, ""product"": 2}, ""hybridization"": {""reactant"": 3, ""product"": 4}}, ""reactant_environment"": [[""M2"", ""SINGLE""], [""M22"", ""SINGLE""], [""U6:0"", ""SINGLE""]], ""product_environment"": [[""M2"", ""SINGLE""], [""M22"", ""SINGLE""]], ""local_environment_changed"": true}]",,
51,23961,train,23961,33230,CC(=O)Nc1cc2c(cc1[N+](=O)[O-])OCC2.CCO.N,Nc1cc2c(cc1[N+](=O)[O-])OCC2,CC(=O)[NH:1][c:2]1[cH:3][c:4]2[c:5]([cH:6][c:7]1[N+:8](=[O:9])[O-:10])[O:11][CH2:12][CH2:13]2.CCO.N,[NH2:1][c:2]1[cH:3][c:4]2[c:5]([cH:6][c:7]1[N+:8](=[O:9])[O-:10])[O:11][CH2:12][CH2:13]2,0,1,1,True,1,[1],"[""degree"", ""total_h""]",True,True,STRUCTURALLY_SUPPORTED,Changed RC atom is supported by a change in its heavy-atom/bond local environment in the recorded product.,"[{""map_num"": 1, ""element"": ""N"", ""state_changes"": {""total_h"": {""reactant"": 1, ""product"": 2}, ""degree"": {""reactant"": 2, ""product"": 1}}, ""reactant_environment"": [[""M2"", ""SINGLE""], [""U6:0"", ""SINGLE""]], ""product_environment"": [[""M2"", ""SINGLE""]], ""local_environment_changed"": true}]",,
52,24076,train,24076,27648,C1CCOC1.O.O=S(=O)([O-])[O-].CCCc1cc2c(N3CCn4c(nnc4C(F)(F)F)C3)nc(Oc3ccc(C(=O)O)cc3)nc2s1.[Al+3].[H-].[H-].[H-].[H-].[Li+].[Mg+2].[Na+].[OH-],CCCc1cc2c(N3CCn4c(nnc4C(F)(F)F)C3)nc(Oc3ccc(C=O)cc3)nc2s1,C1CCOC1.O.O=S(=O)([O-])[O-].O[C:1]([c:2]1[cH:3][cH:4][c:5]([O:6][c:7]2[n:8][c:9]([N:10]3[CH2:11][CH2:12][n:13]4[c:14]([n:15][n:16][c:17]4[C:18]([F:19])([F:20])[F:21])[CH2:22]3)[c:23]3[cH:24][c:25]([CH2:26][CH2:27][CH3:28])[s:29][c:30]3[n:31]2)[cH:32][cH:33]1)=[O:34].[Al+3].[H-].[H-].[H-].[H-].[Li+].[Mg+2].[Na+].[OH-],[CH:1]([c:2]1[cH:3][cH:4][c:5]([O:6][c:7]2[n:8][c:9]([N:10]3[CH2:11][CH2:12][n:13]4[c:14]([n:15][n:16][c:17]4[C:18]([F:19])([F:20])[F:21])[CH2:22]3)[c:23]3[cH:24][c:25]([CH2:26][CH2:27][CH3:28])[s:29][c:30]3[n:31]2)[cH:32][cH:33]1)=[O:34],0,1,1,True,1,[1],"[""degree"", ""total_h""]",True,True,STRUCTURALLY_SUPPORTED,Changed RC atom is supported by a change in its heavy-atom/bond local environment in the recorded product.,"[{""map_num"": 1, ""element"": ""C"", ""state_changes"": {""total_h"": {""reactant"": 0, ""product"": 1}, ""degree"": {""reactant"": 3, ""product"": 2}}, ""reactant_environment"": [[""M2"", ""SINGLE""], [""M34"", ""DOUBLE""], [""U8:0"", ""SINGLE""]], ""product_environment"": [[""M2"", ""SINGLE""], [""M34"", ""DOUBLE""]], ""local_environment_changed"": true}]",,
53,24514,train,24514,16939,CCOC(C)=O.CO.CN1CCC(N(C(=O)c2cc(Cl)ccc2F)c2ccccc2[N+](=O)[O-])CC1.[Ni],CN1CCC(N(C(=O)c2cc(Cl)ccc2F)c2ccccc2N)CC1,CCOC(C)=O.CO.O=[N+:1]([O-])[c:2]1[c:3]([N:4]([CH:5]2[CH2:11][CH2:10][N:8]([CH3:9])[CH2:7][CH2:6]2)[C:12](=[O:13])[c:14]2[cH:15][c:16]([Cl:17])[cH:18][cH:19][c:20]2[F:21])[cH:22][cH:23][cH:24][cH:25]1.[Ni],[NH2:1][c:2]1[c:3]([N:4]([CH:5]2[CH2:6][CH2:7][N:8]([CH3:9])[CH2:10][CH2:11]2)[C:12](=[O:13])[c:14]2[cH:15][c:16]([Cl:17])[cH:18][cH:19][c:20]2[F:21])[cH:22][cH:23][cH:24][cH:25]1,0,1,1,True,1,[1],"[""degree"", ""formal_charge"", ""total_h""]",True,True,STRUCTURALLY_SUPPORTED,Changed RC atom is supported by a change in its heavy-atom/bond local environment in the recorded product.,"[{""map_num"": 1, ""element"": ""N"", ""state_changes"": {""formal_charge"": {""reactant"": 1, ""product"": 0}, ""total_h"": {""reactant"": 0, ""product"": 2}, ""degree"": {""reactant"": 3, ""product"": 1}}, ""reactant_environment"": [[""M2"", ""SINGLE""], [""U8:-1"", ""SINGLE""], [""U8:0"", ""DOUBLE""]], ""product_environment"": [[""M2"", ""SINGLE""]], ""local_environment_changed"": true}]",,
54,24535,train,24535,26126,CSC.ClCCl.FB(F)F.O.Cc1c(C(=O)Nc2ccc(C(F)(F)F)nc2)nc(-c2ccc(Cl)cc2Cl)n1-c1ccc(OCc2ccccc2)cc1,Cc1c(C(=O)Nc2ccc(C(F)(F)F)nc2)nc(-c2ccc(Cl)cc2Cl)n1-c1ccc(O)cc1,CSC.ClCCl.FB(F)F.O.c1ccc(C[O:1][c:2]2[cH:3][cH:4][c:5](-[n:6]3[c:7]([CH3:8])[c:9]([C:10](=[O:11])[NH:12][c:13]4[cH:14][cH:15][c:16]([C:17]([F:18])([F:19])[F:20])[n:21][cH:22]4)[n:23][c:24]3-[c:25]3[cH:26][cH:27][c:28]([Cl:29])[cH:30][c:31]3[Cl:32])[cH:33][cH:34]2)cc1,[OH:1][c:2]1[cH:3][cH:4][c:5](-[n:6]2[c:7]([CH3:8])[c:9]([C:10](=[O:11])[NH:12][c:13]3[cH:14][cH:15][c:16]([C:17]([F:18])([F:19])[F:20])[n:21][cH:22]3)[n:23][c:24]2-[c:25]2[cH:26][cH:27][c:28]([Cl:29])[cH:30][c:31]2[Cl:32])[cH:33][cH:34]1,0,1,1,True,1,[1],"[""degree"", ""total_h""]",True,True,STRUCTURALLY_SUPPORTED,Changed RC atom is supported by a change in its heavy-atom/bond local environment in the recorded product.,"[{""map_num"": 1, ""element"": ""O"", ""state_changes"": {""total_h"": {""reactant"": 0, ""product"": 1}, ""degree"": {""reactant"": 2, ""product"": 1}}, ""reactant_environment"": [[""M2"", ""SINGLE""], [""U6:0"", ""SINGLE""]], ""product_environment"": [[""M2"", ""SINGLE""]], ""local_environment_changed"": true}]",,
55,24654,train,24654,6320,Cc1ccnc(C=Cc2nn(C3CCCCO3)c3cc(Nc4ccccc4C(=O)NCC#CCO)ccc23)c1.Cc1ccnc(C=Cc2nn(C3CCCCO3)c3cc(Nc4ccccc4C(=O)NCC#CCO[Si](C)(C)C(C)(C)C)ccc23)c1,Cc1ccnc(/C=C/c2n[nH]c3cc(Nc4ccccc4C(=O)NCC#CCO)ccc23)c1,C1CCC([n:1]2[n:2][c:3]([CH:4]=[CH:5][c:6]3[n:7][cH:8][cH:9][c:10]([CH3:11])[cH:12]3)[c:13]3[c:14]2[cH:15][c:16]([NH:17][c:18]2[cH:19][cH:20][cH:21][cH:22][c:23]2[C:24](=[O:25])[NH:26][CH2:27][C:28]#[C:29][CH2:30][OH:31])[cH:32][cH:33]3)OC1.Cc1ccnc(C=Cc2nn(C3CCCCO3)c3cc(Nc4ccccc4C(=O)NCC#CCO[Si](C)(C)C(C)(C)C)ccc23)c1,[nH:1]1[n:2][c:3](/[CH:4]=[CH:5]/[c:6]2[n:7][cH:8][cH:9][c:10]([CH3:11])[cH:12]2)[c:13]2[c:14]1[cH:15][c:16]([NH:17][c:18]1[cH:19][cH:20][cH:21][cH:22][c:23]1[C:24](=[O:25])[NH:26][CH2:27][C:28]#[C:29][CH2:30][OH:31])[cH:32][cH:33]2,0,1,1,True,1,[1],"[""degree"", ""total_h""]",True,True,STRUCTURALLY_SUPPORTED,Changed RC atom is supported by a change in its heavy-atom/bond local environment in the recorded product.,"[{""map_num"": 1, ""element"": ""N"", ""state_changes"": {""total_h"": {""reactant"": 0, ""product"": 1}, ""degree"": {""reactant"": 3, ""product"": 2}}, ""reactant_environment"": [[""M14"", ""AROMATIC""], [""M2"", ""AROMATIC""], [""U6:0"", ""SINGLE""]], ""product_environment"": [[""M14"", ""AROMATIC""], [""M2"", ""AROMATIC""]], ""local_environment_changed"": true}]",,
56,25235,train,25235,30880,CCO.CON=Cc1ccccc1[N+](=O)[O-].[Pd],CON=Cc1ccccc1N,CCO.O=[N+:1]([O-])[c:2]1[c:3]([CH:4]=[N:5][O:6][CH3:7])[cH:8][cH:9][cH:10][cH:11]1.[Pd],[NH2:1][c:2]1[c:3]([CH:4]=[N:5][O:6][CH3:7])[cH:8][cH:9][cH:10][cH:11]1,0,1,1,True,1,[1],"[""degree"", ""formal_charge"", ""total_h""]",True,True,STRUCTURALLY_SUPPORTED,Changed RC atom is supported by a change in its heavy-atom/bond local environment in the recorded product.,"[{""map_num"": 1, ""element"": ""N"", ""state_changes"": {""formal_charge"": {""reactant"": 1, ""product"": 0}, ""total_h"": {""reactant"": 0, ""product"": 2}, ""degree"": {""reactant"": 3, ""product"": 1}}, ""reactant_environment"": [[""M2"", ""SINGLE""], [""U8:-1"", ""SINGLE""], [""U8:0"", ""DOUBLE""]], ""product_environment"": [[""M2"", ""SINGLE""]], ""local_environment_changed"": true}]",,
57,25526,train,25526,40371,COC(=O)COC1CCN(C(=O)[C@H](C)NC(=O)OC(C)(C)C)CC1.ClCCl.O=C(O)C(F)(F)F,COC(=O)COC1CCN(C(=O)[C@H](C)N)CC1.O=C(O)C(F)(F)F,CC(C)(C)OC(=O)[NH:1][C@H:2]([C:3]([N:4]1[CH2:5][CH2:6][CH:7]([O:8][CH2:9][C:10]([O:11][CH3:12])=[O:13])[CH2:14][CH2:15]1)=[O:16])[CH3:17].ClCCl.[O:18]=[C:19]([OH:20])[C:21]([F:22])([F:23])[F:24],[NH2:1][C@H:2]([C:3]([N:4]1[CH2:5][CH2:6][CH:7]([O:8][CH2:9][C:10]([O:11][CH3:12])=[O:13])[CH2:14][CH2:15]1)=[O:16])[CH3:17].[O:18]=[C:19]([OH:20])[C:21]([F:22])([F:23])[F:24],0,1,1,True,1,[1],"[""degree"", ""hybridization"", ""total_h""]",True,True,STRUCTURALLY_SUPPORTED,Changed RC atom is supported by a change in its heavy-atom/bond local environment in the recorded product.,"[{""map_num"": 1, ""element"": ""N"", ""state_changes"": {""total_h"": {""reactant"": 1, ""product"": 2}, ""degree"": {""reactant"": 2, ""product"": 1}, ""hybridization"": {""reactant"": 3, ""product"": 4}}, ""reactant_environment"": [[""M2"", ""SINGLE""], [""U6:0"", ""SINGLE""]], ""product_environment"": [[""M2"", ""SINGLE""]], ""local_environment_changed"": true}]",,
58,25577,train,25577,20743,CO.Cc1c([C@@H]2CN3CCN(C(=O)OCc4ccccc4)C[C@H]3CN2C(=O)OC(C)(C)C)ccc(F)c1C#N.[Pd],Cc1c([C@@H]2CN3CCNC[C@H]3CN2C(=O)OC(C)(C)C)ccc(F)c1C#N,CO.O=C(OCc1ccccc1)[N:1]1[CH2:2][CH2:3][N:4]2[CH2:5][C@@H:6]([c:7]3[c:8]([CH3:9])[c:10]([C:11]#[N:12])[c:13]([F:14])[cH:15][cH:16]3)[N:17]([C:18](=[O:19])[O:20][C:21]([CH3:22])([CH3:23])[CH3:24])[CH2:25][C@@H:26]2[CH2:27]1.[Pd],[NH:1]1[CH2:2][CH2:3][N:4]2[CH2:5][C@@H:6]([c:7]3[c:8]([CH3:9])[c:10]([C:11]#[N:12])[c:13]([F:14])[cH:15][cH:16]3)[N:17]([C:18](=[O:19])[O:20][C:21]([CH3:22])([CH3:23])[CH3:24])[CH2:25][C@@H:26]2[CH2:27]1,0,1,1,True,1,[1],"[""degree"", ""hybridization"", ""total_h""]",True,True,STRUCTURALLY_SUPPORTED,Changed RC atom is supported by a change in its heavy-atom/bond local environment in the recorded product.,"[{""map_num"": 1, ""element"": ""N"", ""state_changes"": {""total_h"": {""reactant"": 0, ""product"": 1}, ""degree"": {""reactant"": 3, ""product"": 2}, ""hybridization"": {""reactant"": 3, ""product"": 4}}, ""reactant_environment"": [[""M2"", ""SINGLE""], [""M27"", ""SINGLE""], [""U6:0"", ""SINGLE""]], ""product_environment"": [[""M2"", ""SINGLE""], [""M27"", ""SINGLE""]], ""local_environment_changed"": true}]",,
59,25829,train,25829,872,Cn1cc2c(ccc3c(=O)c(-c4ccc(C5(NC(=O)OC(C)(C)C)CCC5)cc4)c(-c4ccccc4)oc32)n1.NC1(c2ccc(-c3c(-c4ccccc4)oc4ccc(F)cc4c3=O)cc2)CCC1,Cn1cc2c(ccc3c(=O)c(-c4ccc(C5(N)CCC5)cc4)c(-c4ccccc4)oc32)n1,CC(C)(C)OC(=O)[NH:1][C:2]1([c:3]2[cH:4][cH:5][c:6](-[c:7]3[c:8](=[O:9])[c:10]4[c:11]([c:12]5[cH:13][n:14]([CH3:15])[n:16][c:17]5[cH:18][cH:19]4)[o:20][c:21]3-[c:22]3[cH:23][cH:24][cH:25][cH:26][cH:27]3)[cH:28][cH:29]2)[CH2:30][CH2:31][CH2:32]1.NC1(c2ccc(-c3c(-c4ccccc4)oc4ccc(F)cc4c3=O)cc2)CCC1,[NH2:1][C:2]1([c:3]2[cH:4][cH:5][c:6](-[c:7]3[c:8](=[O:9])[c:10]4[c:11]([c:12]5[cH:13][n:14]([CH3:15])[n:16][c:17]5[cH:18][cH:19]4)[o:20][c:21]3-[c:22]3[cH:23][cH:24][cH:25][cH:26][cH:27]3)[cH:28][cH:29]2)[CH2:30][CH2:31][CH2:32]1,0,1,1,True,1,[1],"[""degree"", ""hybridization"", ""total_h""]",True,True,STRUCTURALLY_SUPPORTED,Changed RC atom is supported by a change in its heavy-atom/bond local environment in the recorded product.,"[{""map_num"": 1, ""element"": ""N"", ""state_changes"": {""total_h"": {""reactant"": 1, ""product"": 2}, ""degree"": {""reactant"": 2, ""product"": 1}, ""hybridization"": {""reactant"": 3, ""product"": 4}}, ""reactant_environment"": [[""M2"", ""SINGLE""], [""U6:0"", ""SINGLE""]], ""product_environment"": [[""M2"", ""SINGLE""]], ""local_environment_changed"": true}]",,
60,26057,train,26057,47077,CCO.Cl.O.N=C(N)Nc1nc(CCCCN2C(=O)c3ccccc3C2=O)c[nH]1.[Na+].[OH-],N=C(N)Nc1nc(CCCCN)c[nH]1,CCO.Cl.O.O=C1c2ccccc2C(=O)[N:1]1[CH2:2][CH2:3][CH2:4][CH2:5][c:6]1[n:7][c:8]([NH:9][C:10](=[NH:11])[NH2:12])[nH:13][cH:14]1.[Na+].[OH-],[NH2:1][CH2:2][CH2:3][CH2:4][CH2:5][c:6]1[n:7][c:8]([NH:9][C:10](=[NH:11])[NH2:12])[nH:13][cH:14]1,0,1,1,True,1,[1],"[""degree"", ""hybridization"", ""total_h""]",True,True,STRUCTURALLY_SUPPORTED,Changed RC atom is supported by a change in its heavy-atom/bond local environment in the recorded product.,"[{""map_num"": 1, ""element"": ""N"", ""state_changes"": {""total_h"": {""reactant"": 0, ""product"": 2}, ""degree"": {""reactant"": 3, ""product"": 1}, ""hybridization"": {""reactant"": 3, ""product"": 4}}, ""reactant_environment"": [[""M2"", ""SINGLE""], [""U6:0"", ""SINGLE""], [""U6:0"", ""SINGLE""]], ""product_environment"": [[""M2"", ""SINGLE""]], ""local_environment_changed"": true}]",,
61,26219,train,26219,43528,C1COCCO1.CC(C)(C)OC(=O)N1CCCn2cc(CCOc3ccc4c(c3)CN(CC(F)(F)F)C(=O)[C@H](CC(=O)OCCN3CCOCC3)C4)nc21.ClCCl.Cl,Cl.O=C(C[C@@H]1Cc2ccc(OCCc3cn4c(n3)NCCC4)cc2CN(CC(F)(F)F)C1=O)OCCN1CCOCC1,C1COCCO1.CC(C)(C)OC(=O)[N:2]1[CH2:3][CH2:4][CH2:5][n:6]2[cH:7][c:8]([CH2:9][CH2:10][O:11][c:12]3[cH:13][cH:14][c:15]4[c:16]([cH:17]3)[CH2:18][N:19]([CH2:20][C:21]([F:22])([F:23])[F:24])[C:25](=[O:26])[C@H:27]([CH2:28][C:29](=[O:30])[O:31][CH2:32][CH2:33][N:34]3[CH2:35][CH2:36][O:37][CH2:38][CH2:39]3)[CH2:40]4)[n:41][c:42]21.ClCCl.[ClH:1],[ClH:1].[NH:2]1[CH2:3][CH2:4][CH2:5][n:6]2[cH:7][c:8]([CH2:9][CH2:10][O:11][c:12]3[cH:13][cH:14][c:15]4[c:16]([cH:17]3)[CH2:18][N:19]([CH2:20][C:21]([F:22])([F:23])[F:24])[C:25](=[O:26])[C@H:27]([CH2:28][C:29](=[O:30])[O:31][CH2:32][CH2:33][N:34]3[CH2:35][CH2:36][O:37][CH2:38][CH2:39]3)[CH2:40]4)[n:41][c:42]21,0,1,1,True,1,[2],"[""degree"", ""total_h""]",True,True,STRUCTURALLY_SUPPORTED,Changed RC atom is supported by a change in its heavy-atom/bond local environment in the recorded product.,"[{""map_num"": 2, ""element"": ""N"", ""state_changes"": {""total_h"": {""reactant"": 0, ""product"": 1}, ""degree"": {""reactant"": 3, ""product"": 2}}, ""reactant_environment"": [[""M3"", ""SINGLE""], [""M42"", ""SINGLE""], [""U6:0"", ""SINGLE""]], ""product_environment"": [[""M3"", ""SINGLE""], [""M42"", ""SINGLE""]], ""local_environment_changed"": true}]",,
62,27102,train,27102,618,CCO.O.O=[N+]([O-])c1ccc(Oc2cccc3[nH]ccc23)c(Cl)c1.[Ca+2].[Cl-].[Cl-],Nc1ccc(Oc2cccc3[nH]ccc23)c(Cl)c1,CCO.O.O=[N+:1]([O-])[c:2]1[cH:3][cH:4][c:5]([O:6][c:7]2[cH:8][cH:9][cH:10][c:11]3[nH:12][cH:13][cH:14][c:15]23)[c:16]([Cl:17])[cH:18]1.[Ca+2].[Cl-].[Cl-],[NH2:1][c:2]1[cH:3][cH:4][c:5]([O:6][c:7]2[cH:8][cH:9][cH:10][c:11]3[nH:12][cH:13][cH:14][c:15]23)[c:16]([Cl:17])[cH:18]1,0,1,1,True,1,[1],"[""degree"", ""formal_charge"", ""total_h""]",True,True,STRUCTURALLY_SUPPORTED,Changed RC atom is supported by a change in its heavy-atom/bond local environment in the recorded product.,"[{""map_num"": 1, ""element"": ""N"", ""state_changes"": {""formal_charge"": {""reactant"": 1, ""product"": 0}, ""total_h"": {""reactant"": 0, ""product"": 2}, ""degree"": {""reactant"": 3, ""product"": 1}}, ""reactant_environment"": [[""M2"", ""SINGLE""], [""U8:-1"", ""SINGLE""], [""U8:0"", ""DOUBLE""]], ""product_environment"": [[""M2"", ""SINGLE""]], ""local_environment_changed"": true}]",,
63,27527,train,27527,30705,C1CCOC1.O.O=C(O)c1cccc(Br)c1F,OCc1cccc(Br)c1F,C1CCOC1.O.O=[C:1]([OH:2])[c:3]1[cH:4][cH:5][cH:6][c:7]([Br:8])[c:9]1[F:10],[CH2:1]([OH:2])[c:3]1[cH:4][cH:5][cH:6][c:7]([Br:8])[c:9]1[F:10],0,2,2,True,2,"[1, 2]","[""degree"", ""hybridization"", ""total_h""]",True,True,STRUCTURALLY_SUPPORTED,Changed RC atom is supported by a change in its heavy-atom/bond local environment in the recorded product.,"[{""map_num"": 1, ""element"": ""C"", ""state_changes"": {""total_h"": {""reactant"": 0, ""product"": 2}, ""degree"": {""reactant"": 3, ""product"": 2}, ""hybridization"": {""reactant"": 3, ""product"": 4}}, ""reactant_environment"": [[""M2"", ""SINGLE""], [""M3"", ""SINGLE""], [""U8:0"", ""DOUBLE""]], ""product_environment"": [[""M2"", ""SINGLE""], [""M3"", ""SINGLE""]], ""local_environment_changed"": true}, {""map_num"": 2, ""element"": ""O"", ""state_changes"": {""hybridization"": {""reactant"": 3, ""product"": 4}}, ""reactant_environment"": [[""M1"", ""SINGLE""]], ""product_environment"": [[""M1"", ""SINGLE""]], ""local_environment_changed"": false}]",,
64,28641,train,28641,13795,BrB(Br)Br.COc1ccc2c(c1)c(CC(N)=O)c(Br)n2Cc1ccccc1.ClCCl.ClCCl.O=C([O-])O.[Na+],NC(=O)Cc1c(Br)n(Cc2ccccc2)c2ccc(O)cc12,BrB(Br)Br.C[O:1][c:2]1[cH:3][cH:4][c:5]2[c:6]([cH:7]1)[c:8]([CH2:9][C:10]([NH2:11])=[O:12])[c:13]([Br:14])[n:15]2[CH2:16][c:17]1[cH:18][cH:19][cH:20][cH:21][cH:22]1.ClCCl.ClCCl.O=C([O-])O.[Na+],[OH:1][c:2]1[cH:3][cH:4][c:5]2[c:6]([cH:7]1)[c:8]([CH2:9][C:10]([NH2:11])=[O:12])[c:13]([Br:14])[n:15]2[CH2:16][c:17]1[cH:18][cH:19][cH:20][cH:21][cH:22]1,0,1,1,True,1,[1],"[""degree"", ""total_h""]",True,True,STRUCTURALLY_SUPPORTED,Changed RC atom is supported by a change in its heavy-atom/bond local environment in the recorded product.,"[{""map_num"": 1, ""element"": ""O"", ""state_changes"": {""total_h"": {""reactant"": 0, ""product"": 1}, ""degree"": {""reactant"": 2, ""product"": 1}}, ""reactant_environment"": [[""M2"", ""SINGLE""], [""U6:0"", ""SINGLE""]], ""product_environment"": [[""M2"", ""SINGLE""]], ""local_environment_changed"": true}]",,
65,29448,train,29448,13791,COc1ccc(CC(Cc2ccc(OC)cc2)N2C(=O)C(C(C)OC(=O)OCc3ccc([N+](=O)[O-])cc3)C2CC(=O)C(C(=O)OCc2ccc([N+](=O)[O-])cc2)C(=O)OC(C)(C)C)cc1.ClCCl.O=C(O)C(F)(F)F,COc1ccc(CC(Cc2ccc(OC)cc2)N2C(=O)C(C(C)OC(=O)OCc3ccc([N+](=O)[O-])cc3)C2CC(=O)CC(=O)OCc2ccc([N+](=O)[O-])cc2)cc1,CC(C)(C)OC(=O)[CH:1]([C:2]([CH2:3][CH:4]1[N:5]([CH:6]([CH2:7][c:8]2[cH:9][cH:10][c:11]([O:12][CH3:13])[cH:14][cH:15]2)[CH2:16][c:17]2[cH:18][cH:19][c:20]([O:21][CH3:22])[cH:23][cH:24]2)[C:25](=[O:26])[CH:27]1[CH:28]([CH3:29])[O:30][C:31](=[O:32])[O:33][CH2:34][c:35]1[cH:36][cH:37][c:38]([N+:39](=[O:40])[O-:41])[cH:42][cH:43]1)=[O:44])[C:45](=[O:46])[O:47][CH2:48][c:49]1[cH:50][cH:51][c:52]([N+:53](=[O:54])[O-:55])[cH:56][cH:57]1.ClCCl.O=C(O)C(F)(F)F,[CH2:1]([C:2]([CH2:3][CH:4]1[N:5]([CH:6]([CH2:7][c:8]2[cH:9][cH:10][c:11]([O:12][CH3:13])[cH:14][cH:15]2)[CH2:16][c:17]2[cH:18][cH:19][c:20]([O:21][CH3:22])[cH:23][cH:24]2)[C:25](=[O:26])[CH:27]1[CH:28]([CH3:29])[O:30][C:31](=[O:32])[O:33][CH2:34][c:35]1[cH:36][cH:37][c:38]([N+:39](=[O:40])[O-:41])[cH:42][cH:43]1)=[O:44])[C:45](=[O:46])[O:47][CH2:48][c:49]1[cH:50][cH:51][c:52]([N+:53](=[O:54])[O-:55])[cH:56][cH:57]1,0,1,1,True,1,[1],"[""degree"", ""total_h""]",True,True,STRUCTURALLY_SUPPORTED,Changed RC atom is supported by a change in its heavy-atom/bond local environment in the recorded product.,"[{""map_num"": 1, ""element"": ""C"", ""state_changes"": {""total_h"": {""reactant"": 1, ""product"": 2}, ""degree"": {""reactant"": 3, ""product"": 2}}, ""reactant_environment"": [[""M2"", ""SINGLE""], [""M45"", ""SINGLE""], [""U6:0"", ""SINGLE""]], ""product_environment"": [[""M2"", ""SINGLE""], [""M45"", ""SINGLE""]], ""local_environment_changed"": true}]",,
66,29517,train,29517,29104,CCO.Cl.COc1ccc(CNc2nc(C)nc(C)c2Cl)cc1OCc1ccccc1,COc1ccc(CNc2nc(C)nc(C)c2Cl)cc1O,CCO.Cl.c1ccc(C[O:1][c:2]2[c:3]([O:4][CH3:5])[cH:6][cH:7][c:8]([CH2:9][NH:10][c:11]3[n:12][c:13]([CH3:14])[n:15][c:16]([CH3:17])[c:18]3[Cl:19])[cH:20]2)cc1,[OH:1][c:2]1[c:3]([O:4][CH3:5])[cH:6][cH:7][c:8]([CH2:9][NH:10][c:11]2[n:12][c:13]([CH3:14])[n:15][c:16]([CH3:17])[c:18]2[Cl:19])[cH:20]1,0,1,1,True,1,[1],"[""degree"", ""total_h""]",True,True,STRUCTURALLY_SUPPORTED,Changed RC atom is supported by a change in its heavy-atom/bond local environment in the recorded product.,"[{""map_num"": 1, ""element"": ""O"", ""state_changes"": {""total_h"": {""reactant"": 0, ""product"": 1}, ""degree"": {""reactant"": 2, ""product"": 1}}, ""reactant_environment"": [[""M2"", ""SINGLE""], [""U6:0"", ""SINGLE""]], ""product_environment"": [[""M2"", ""SINGLE""]], ""local_environment_changed"": true}]",,
67,29580,train,29580,6422,CCO.Nc1cc(N2CCCCC2)c(F)cc1[N+](=O)[O-],Nc1cc(F)c(N2CCCCC2)cc1N,CCO.O=[N+:1]([O-])[c:2]1[c:3]([NH2:4])[cH:5][c:6]([N:7]2[CH2:8][CH2:9][CH2:10][CH2:11][CH2:12]2)[c:13]([F:14])[cH:15]1,[NH2:1][c:2]1[c:3]([NH2:4])[cH:5][c:6]([N:7]2[CH2:8][CH2:9][CH2:10][CH2:11][CH2:12]2)[c:13]([F:14])[cH:15]1,0,1,1,True,1,[1],"[""degree"", ""formal_charge"", ""total_h""]",True,True,STRUCTURALLY_SUPPORTED,Changed RC atom is supported by a change in its heavy-atom/bond local environment in the recorded product.,"[{""map_num"": 1, ""element"": ""N"", ""state_changes"": {""formal_charge"": {""reactant"": 1, ""product"": 0}, ""total_h"": {""reactant"": 0, ""product"": 2}, ""degree"": {""reactant"": 3, ""product"": 1}}, ""reactant_environment"": [[""M2"", ""SINGLE""], [""U8:-1"", ""SINGLE""], [""U8:0"", ""DOUBLE""]], ""product_environment"": [[""M2"", ""SINGLE""]], ""local_environment_changed"": true}]",,
68,29694,train,29694,48240,CO.CC(=O)Nc1ncc([N+](=O)[O-])cn1.[Pd],CC(=O)Nc1ncc(N)cn1,CO.O=[N+:1]([O-])[c:2]1[cH:3][n:4][c:5]([NH:6][C:7]([CH3:8])=[O:9])[n:10][cH:11]1.[Pd],[NH2:1][c:2]1[cH:3][n:4][c:5]([NH:6][C:7]([CH3:8])=[O:9])[n:10][cH:11]1,0,1,1,True,1,[1],"[""degree"", ""formal_charge"", ""total_h""]",True,True,STRUCTURALLY_SUPPORTED,Changed RC atom is supported by a change in its heavy-atom/bond local environment in the recorded product.,"[{""map_num"": 1, ""element"": ""N"", ""state_changes"": {""formal_charge"": {""reactant"": 1, ""product"": 0}, ""total_h"": {""reactant"": 0, ""product"": 2}, ""degree"": {""reactant"": 3, ""product"": 1}}, ""reactant_environment"": [[""M2"", ""SINGLE""], [""U8:-1"", ""SINGLE""], [""U8:0"", ""DOUBLE""]], ""product_environment"": [[""M2"", ""SINGLE""]], ""local_environment_changed"": true}]",,
69,29725,train,29725,49068,C1COCCO1.COc1cc(NCCCNC(=O)OC(C)(C)C)nc2ccccc12.ClCCl.Cl,COc1cc(NCCCN)nc2ccccc12.Cl.Cl,C1COCCO1.CC(C)(C)OC(=O)[NH:3][CH2:4][CH2:5][CH2:6][NH:7][c:8]1[cH:9][c:10]([O:11][CH3:12])[c:13]2[c:14]([n:15]1)[cH:16][cH:17][cH:18][cH:19]2.[Cl:2]CCl.[ClH:1],[ClH:1].[ClH:2].[NH2:3][CH2:4][CH2:5][CH2:6][NH:7][c:8]1[cH:9][c:10]([O:11][CH3:12])[c:13]2[c:14]([n:15]1)[cH:16][cH:17][cH:18][cH:19]2,0,2,2,True,2,"[2, 3]","[""degree"", ""hybridization"", ""total_h""]",True,True,STRUCTURALLY_SUPPORTED,Changed RC atom is supported by a change in its heavy-atom/bond local environment in the recorded product.,"[{""map_num"": 2, ""element"": ""Cl"", ""state_changes"": {""total_h"": {""reactant"": 0, ""product"": 1}, ""degree"": {""reactant"": 1, ""product"": 0}}, ""reactant_environment"": [[""U6:0"", ""SINGLE""]], ""product_environment"": [], ""local_environment_changed"": true}, {""map_num"": 3, ""element"": ""N"", ""state_changes"": {""total_h"": {""reactant"": 1, ""product"": 2}, ""degree"": {""reactant"": 2, ""product"": 1}, ""hybridization"": {""reactant"": 3, ""product"": 4}}, ""reactant_environment"": [[""M4"", ""SINGLE""], [""U6:0"", ""SINGLE""]], ""product_environment"": [[""M4"", ""SINGLE""]], ""local_environment_changed"": true}]",,
70,29987,train,29987,12535,C1CCOC1.O=C([O-])[O-].[Na+].[Na+].CC(=O)N1CSC2C(NC(=O)COc3ccccc3)C(=O)N2C1C(=O)OCc1ccccc1,CC(=O)N1CSC2C(NC(=O)COc3ccccc3)C(=O)N2C1C(=O)O,C1CCOC1.O=C([O-])[O-].[Na+].[Na+].c1ccc(C[O:1][C:2]([CH:3]2[N:4]([C:5]([CH3:6])=[O:7])[CH2:8][S:9][CH:10]3[CH:11]([NH:12][C:13](=[O:14])[CH2:15][O:16][c:17]4[cH:18][cH:19][cH:20][cH:21][cH:22]4)[C:23](=[O:24])[N:25]23)=[O:26])cc1,[OH:1][C:2]([CH:3]1[N:4]([C:5]([CH3:6])=[O:7])[CH2:8][S:9][CH:10]2[CH:11]([NH:12][C:13](=[O:14])[CH2:15][O:16][c:17]3[cH:18][cH:19][cH:20][cH:21][cH:22]3)[C:23](=[O:24])[N:25]12)=[O:26],0,1,1,True,1,[1],"[""degree"", ""total_h""]",True,True,STRUCTURALLY_SUPPORTED,Changed RC atom is supported by a change in its heavy-atom/bond local environment in the recorded product.,"[{""map_num"": 1, ""element"": ""O"", ""state_changes"": {""total_h"": {""reactant"": 0, ""product"": 1}, ""degree"": {""reactant"": 2, ""product"": 1}}, ""reactant_environment"": [[""M2"", ""SINGLE""], [""U6:0"", ""SINGLE""]], ""product_environment"": [[""M2"", ""SINGLE""]], ""local_environment_changed"": true}]",,
71,30989,train,30989,23359,CCCOC(=O)[C@H](Cc1ccc(-c2c(C)n(C)c(=O)n(C)c2=O)cc1)NC(=O)c1c(Cl)cc(O[Si](C(C)C)(C(C)C)C(C)C)cc1Cl.CCCC[N+](CCCC)(CCCC)CCCC.[F-],CCCOC(=O)[C@H](Cc1ccc(-c2c(C)n(C)c(=O)n(C)c2=O)cc1)NC(=O)c1c(Cl)cc(O)cc1Cl,CC(C)[Si](C(C)C)(C(C)C)[O:1][c:2]1[cH:3][c:4]([Cl:5])[c:6]([C:7]([NH:8][C@H:9]([C:10]([O:11][CH2:12][CH2:13][CH3:14])=[O:15])[CH2:16][c:17]2[cH:18][cH:19][c:20](-[c:21]3[c:22]([CH3:23])[n:24]([CH3:25])[c:26](=[O:27])[n:28]([CH3:29])[c:30]3=[O:31])[cH:32][cH:33]2)=[O:34])[c:35]([Cl:36])[cH:37]1.CCCC[N+](CCCC)(CCCC)CCCC.[F-],[OH:1][c:2]1[cH:3][c:4]([Cl:5])[c:6]([C:7]([NH:8][C@H:9]([C:10]([O:11][CH2:12][CH2:13][CH3:14])=[O:15])[CH2:16][c:17]2[cH:18][cH:19][c:20](-[c:21]3[c:22]([CH3:23])[n:24]([CH3:25])[c:26](=[O:27])[n:28]([CH3:29])[c:30]3=[O:31])[cH:32][cH:33]2)=[O:34])[c:35]([Cl:36])[cH:37]1,0,1,1,True,1,[1],"[""degree"", ""total_h""]",True,True,STRUCTURALLY_SUPPORTED,Changed RC atom is supported by a change in its heavy-atom/bond local environment in the recorded product.,"[{""map_num"": 1, ""element"": ""O"", ""state_changes"": {""total_h"": {""reactant"": 0, ""product"": 1}, ""degree"": {""reactant"": 2, ""product"": 1}}, ""reactant_environment"": [[""M2"", ""SINGLE""], [""U14:0"", ""SINGLE""]], ""product_environment"": [[""M2"", ""SINGLE""]], ""local_environment_changed"": true}]",,
72,31135,train,31135,41439,C1COCCO1.CC(C)(C)OC(=O)N[C@H]1CCN(c2ccc(OCc3ccccc3)cc2)C1=O.Cl,Cl.N[C@H]1CCN(c2ccc(OCc3ccccc3)cc2)C1=O,C1COCCO1.CC(C)(C)OC(=O)[NH:2][C@H:3]1[CH2:4][CH2:5][N:6]([c:7]2[cH:20][cH:19][c:10]([O:11][CH2:12][c:13]3[cH:14][cH:15][cH:16][cH:17][cH:18]3)[cH:9][cH:8]2)[C:21]1=[O:22].[ClH:1],[ClH:1].[NH2:2][C@H:3]1[CH2:4][CH2:5][N:6]([c:7]2[cH:8][cH:9][c:10]([O:11][CH2:12][c:13]3[cH:14][cH:15][cH:16][cH:17][cH:18]3)[cH:19][cH:20]2)[C:21]1=[O:22],0,1,1,True,1,[2],"[""degree"", ""hybridization"", ""total_h""]",True,True,STRUCTURALLY_SUPPORTED,Changed RC atom is supported by a change in its heavy-atom/bond local environment in the recorded product.,"[{""map_num"": 2, ""element"": ""N"", ""state_changes"": {""total_h"": {""reactant"": 1, ""product"": 2}, ""degree"": {""reactant"": 2, ""product"": 1}, ""hybridization"": {""reactant"": 3, ""product"": 4}}, ""reactant_environment"": [[""M3"", ""SINGLE""], [""U6:0"", ""SINGLE""]], ""product_environment"": [[""M3"", ""SINGLE""]], ""local_environment_changed"": true}]",,
73,32040,train,32040,23875,COc1ccc(C2=NNC(=O)C2(C)C)cc1F.ClCCl.O.[Al+3].[Cl-].[Cl-].[Cl-],CC1(C)C(=O)NN=C1c1ccc(O)c(F)c1,C[O:1][c:2]1[cH:3][cH:4][c:5]([C:6]2=[N:7][NH:8][C:9](=[O:10])[C:11]2([CH3:12])[CH3:13])[cH:14][c:15]1[F:16].ClCCl.O.[Al+3].[Cl-].[Cl-].[Cl-],[OH:1][c:2]1[cH:3][cH:4][c:5]([C:6]2=[N:7][NH:8][C:9](=[O:10])[C:11]2([CH3:12])[CH3:13])[cH:14][c:15]1[F:16],0,1,1,True,1,[1],"[""degree"", ""total_h""]",True,True,STRUCTURALLY_SUPPORTED,Changed RC atom is supported by a change in its heavy-atom/bond local environment in the recorded product.,"[{""map_num"": 1, ""element"": ""O"", ""state_changes"": {""total_h"": {""reactant"": 0, ""product"": 1}, ""degree"": {""reactant"": 2, ""product"": 1}}, ""reactant_environment"": [[""M2"", ""SINGLE""], [""U6:0"", ""SINGLE""]], ""product_environment"": [[""M2"", ""SINGLE""]], ""local_environment_changed"": true}]",,
74,32129,train,32129,1890,COc1ccc(CN2CC(C)NC2=O)cc1.COc1ccc(CN2CC(C)N(c3ccc(C(=O)N4CCN(c5ncc(C6CC6)cc5C)CC4)cn3)C2=O)cc1.Cc1cc(C2CC2)cnc1N1CCN(C(=O)c2ccc(Br)nc2)CC1,Cc1cc(C2CC2)cnc1N1CCN(C(=O)c2ccc(N3C(=O)NCC3C)nc2)CC1,COc1ccc(CN2CC(C)NC2=O)cc1.COc1ccc(C[N:1]2[CH2:2][CH:3]([CH3:4])[N:5]([c:6]3[cH:7][cH:8][c:9]([C:10](=[O:11])[N:12]4[CH2:13][CH2:14][N:15]([c:16]5[n:17][cH:18][c:19]([CH:20]6[CH2:21][CH2:22]6)[cH:23][c:24]5[CH3:25])[CH2:26][CH2:27]4)[cH:28][n:29]3)[C:30]2=[O:31])cc1.Cc1cc(C2CC2)cnc1N1CCN(C(=O)c2ccc(Br)nc2)CC1,[NH:1]1[CH2:2][CH:3]([CH3:4])[N:5]([c:6]2[cH:7][cH:8][c:9]([C:10](=[O:11])[N:12]3[CH2:13][CH2:14][N:15]([c:16]4[n:17][cH:18][c:19]([CH:20]5[CH2:21][CH2:22]5)[cH:23][c:24]4[CH3:25])[CH2:26][CH2:27]3)[cH:28][n:29]2)[C:30]1=[O:31],0,1,1,True,1,[1],"[""degree"", ""total_h""]",True,True,STRUCTURALLY_SUPPORTED,Changed RC atom is supported by a change in its heavy-atom/bond local environment in the recorded product.,"[{""map_num"": 1, ""element"": ""N"", ""state_changes"": {""total_h"": {""reactant"": 0, ""product"": 1}, ""degree"": {""reactant"": 3, ""product"": 2}}, ""reactant_environment"": [[""M2"", ""SINGLE""], [""M30"", ""SINGLE""], [""U6:0"", ""SINGLE""]], ""product_environment"": [[""M2"", ""SINGLE""], [""M30"", ""SINGLE""]], ""local_environment_changed"": true}]",,
75,32694,train,32694,37546,C1COCCO1.CCC(=O)Oc1ccc(C[C@H](NC(=O)OC(C)(C)C)C(N)=O)cc1OC(=O)CC.Cl,CCC(=O)Oc1ccc(C[C@H]([NH3+])C(N)=O)cc1OC(=O)CC.[Cl-],C1COCCO1.CC(C)(C)OC(=O)[NH:2][C@@H:3]([CH2:4][c:5]1[cH:6][cH:7][c:8]([O:9][C:10]([CH2:11][CH3:12])=[O:13])[c:14]([O:15][C:16](=[O:17])[CH2:18][CH3:19])[cH:20]1)[C:21]([NH2:22])=[O:23].[ClH:1],[Cl-:1].[NH3+:2][C@@H:3]([CH2:4][c:5]1[cH:6][cH:7][c:8]([O:9][C:10]([CH2:11][CH3:12])=[O:13])[c:14]([O:15][C:16](=[O:17])[CH2:18][CH3:19])[cH:20]1)[C:21]([NH2:22])=[O:23],0,2,2,True,2,"[1, 2]","[""degree"", ""formal_charge"", ""hybridization"", ""total_h""]",True,True,STRUCTURALLY_SUPPORTED,Changed RC atom is supported by a change in its heavy-atom/bond local environment in the recorded product.,"[{""map_num"": 1, ""element"": ""Cl"", ""state_changes"": {""formal_charge"": {""reactant"": 0, ""product"": -1}, ""total_h"": {""reactant"": 1, ""product"": 0}}, ""reactant_environment"": [], ""product_environment"": [], ""local_environment_changed"": false}, {""map_num"": 2, ""element"": ""N"", ""state_changes"": {""formal_charge"": {""reactant"": 0, ""product"": 1}, ""total_h"": {""reactant"": 1, ""product"": 3}, ""degree"": {""reactant"": 2, ""product"": 1}, ""hybridization"": {""reactant"": 3, ""product"": 4}}, ""reactant_environment"": [[""M3"", ""SINGLE""], [""U6:0"", ""SINGLE""]], ""product_environment"": [[""M3"", ""SINGLE""]], ""local_environment_changed"": true}]",,
76,32919,train,32919,15660,COC(=O)c1cccc([N+](=O)[O-])c1N(Cc1ccc(-c2ccccc2-c2nnnn2Cc2ccccc2)cc1)C(=O)OC(C)(C)C.CO,COC(=O)c1cccc([N+](=O)[O-])c1NCc1ccc(-c2ccccc2-c2nnnn2Cc2ccccc2)cc1,CC(C)(C)OC(=O)[N:1]([c:2]1[c:3]([C:4]([O:5][CH3:6])=[O:7])[cH:8][cH:9][cH:10][c:11]1[N+:12](=[O:13])[O-:14])[CH2:15][c:16]1[cH:17][cH:18][c:19](-[c:20]2[cH:21][cH:22][cH:23][cH:24][c:25]2-[c:26]2[n:27][n:28][n:29][n:30]2[CH2:31][c:32]2[cH:33][cH:34][cH:35][cH:36][cH:37]2)[cH:38][cH:39]1.CO,[NH:1]([c:2]1[c:3]([C:4]([O:5][CH3:6])=[O:7])[cH:8][cH:9][cH:10][c:11]1[N+:12](=[O:13])[O-:14])[CH2:15][c:16]1[cH:17][cH:18][c:19](-[c:20]2[cH:21][cH:22][cH:23][cH:24][c:25]2-[c:26]2[n:27][n:28][n:29][n:30]2[CH2:31][c:32]2[cH:33][cH:34][cH:35][cH:36][cH:37]2)[cH:38][cH:39]1,0,1,1,True,1,[1],"[""degree"", ""total_h""]",True,True,STRUCTURALLY_SUPPORTED,Changed RC atom is supported by a change in its heavy-atom/bond local environment in the recorded product.,"[{""map_num"": 1, ""element"": ""N"", ""state_changes"": {""total_h"": {""reactant"": 0, ""product"": 1}, ""degree"": {""reactant"": 3, ""product"": 2}}, ""reactant_environment"": [[""M15"", ""SINGLE""], [""M2"", ""SINGLE""], [""U6:0"", ""SINGLE""]], ""product_environment"": [[""M15"", ""SINGLE""], [""M2"", ""SINGLE""]], ""local_environment_changed"": true}]",,
77,33316,train,33316,31570,C=CCn1c(O[C@@H]2C[C@@H](C(=O)OC)N(C(=O)OC(C)(C)C)C2)cccc1=O.Cl,C=CCn1c(O[C@H]2C[NH2+][C@H](C(=O)OC)C2)cccc1=O.[Cl-],CC(C)(C)OC(=O)[N:2]1[C@H:3]([C:4](=[O:5])[O:6][CH3:7])[CH2:8][C@@H:9]([O:10][c:11]2[n:12]([CH2:13][CH:14]=[CH2:15])[c:16](=[O:17])[cH:18][cH:19][cH:20]2)[CH2:21]1.[ClH:1],[Cl-:1].[NH2+:2]1[C@H:3]([C:4](=[O:5])[O:6][CH3:7])[CH2:8][C@@H:9]([O:10][c:11]2[n:12]([CH2:13][CH:14]=[CH2:15])[c:16](=[O:17])[cH:18][cH:19][cH:20]2)[CH2:21]1,0,2,2,True,2,"[1, 2]","[""degree"", ""formal_charge"", ""hybridization"", ""total_h""]",True,True,STRUCTURALLY_SUPPORTED,Changed RC atom is supported by a change in its heavy-atom/bond local environment in the recorded product.,"[{""map_num"": 1, ""element"": ""Cl"", ""state_changes"": {""formal_charge"": {""reactant"": 0, ""product"": -1}, ""total_h"": {""reactant"": 1, ""product"": 0}}, ""reactant_environment"": [], ""product_environment"": [], ""local_environment_changed"": false}, {""map_num"": 2, ""element"": ""N"", ""state_changes"": {""formal_charge"": {""reactant"": 0, ""product"": 1}, ""total_h"": {""reactant"": 0, ""product"": 2}, ""degree"": {""reactant"": 3, ""product"": 2}, ""hybridization"": {""reactant"": 3, ""product"": 4}}, ""reactant_environment"": [[""M21"", ""SINGLE""], [""M3"", ""SINGLE""], [""U6:0"", ""SINGLE""]], ""product_environment"": [[""M21"", ""SINGLE""], [""M3"", ""SINGLE""]], ""local_environment_changed"": true}]",,
78,34015,train,34015,27914,CO.CC(C)(C)OC(=O)N(CCc1ccc([N+](=O)[O-])cc1Cl)CC1CCCCC1.[Cl-].[NH4+].[Zn],CC(C)(C)OC(=O)N(CCc1ccc(N)cc1Cl)CC1CCCCC1,CO.O=[N+:1]([O-])[c:2]1[cH:3][cH:4][c:5]([CH2:6][CH2:7][N:8]([C:9]([O:10][C:11]([CH3:12])([CH3:13])[CH3:14])=[O:15])[CH2:16][CH:17]2[CH2:18][CH2:19][CH2:20][CH2:21][CH2:22]2)[c:23]([Cl:24])[cH:25]1.[Cl-].[NH4+].[Zn],[NH2:1][c:2]1[cH:3][cH:4][c:5]([CH2:6][CH2:7][N:8]([C:9]([O:10][C:11]([CH3:12])([CH3:13])[CH3:14])=[O:15])[CH2:16][CH:17]2[CH2:18][CH2:19][CH2:20][CH2:21][CH2:22]2)[c:23]([Cl:24])[cH:25]1,0,1,1,True,1,[1],"[""degree"", ""formal_charge"", ""total_h""]",True,True,STRUCTURALLY_SUPPORTED,Changed RC atom is supported by a change in its heavy-atom/bond local environment in the recorded product.,"[{""map_num"": 1, ""element"": ""N"", ""state_changes"": {""formal_charge"": {""reactant"": 1, ""product"": 0}, ""total_h"": {""reactant"": 0, ""product"": 2}, ""degree"": {""reactant"": 3, ""product"": 1}}, ""reactant_environment"": [[""M2"", ""SINGLE""], [""U8:-1"", ""SINGLE""], [""U8:0"", ""DOUBLE""]], ""product_environment"": [[""M2"", ""SINGLE""]], ""local_environment_changed"": true}]",,
79,34491,train,34491,6243,C1CCOC1.CC(C)(C)[Si](C)(C)OC1CCCC(NC(=O)OCc2ccccc2)CCC1.CCCC[N+](CCCC)(CCCC)CCCC.[F-],O=C(NC1CCCC(O)CCC1)OCc1ccccc1,C1CCOC1.CC(C)(C)[Si](C)(C)[O:1][CH:2]1[CH2:3][CH2:4][CH2:5][CH:6]([NH:7][C:8](=[O:9])[O:10][CH2:11][c:12]2[cH:13][cH:14][cH:15][cH:16][cH:17]2)[CH2:18][CH2:19][CH2:20]1.CCCC[N+](CCCC)(CCCC)CCCC.[F-],[OH:1][CH:2]1[CH2:3][CH2:4][CH2:5][CH:6]([NH:7][C:8](=[O:9])[O:10][CH2:11][c:12]2[cH:13][cH:14][cH:15][cH:16][cH:17]2)[CH2:18][CH2:19][CH2:20]1,0,1,1,True,1,[1],"[""degree"", ""total_h""]",True,True,STRUCTURALLY_SUPPORTED,Changed RC atom is supported by a change in its heavy-atom/bond local environment in the recorded product.,"[{""map_num"": 1, ""element"": ""O"", ""state_changes"": {""total_h"": {""reactant"": 0, ""product"": 1}, ""degree"": {""reactant"": 2, ""product"": 1}}, ""reactant_environment"": [[""M2"", ""SINGLE""], [""U14:0"", ""SINGLE""]], ""product_environment"": [[""M2"", ""SINGLE""]], ""local_environment_changed"": true}]",,
80,36085,train,36085,21378,CCO.CCOC(=O)CCN(C)C(=O)c1ccc(NC(c2oc3ccc([N+](=O)[O-])cc3c2C)C2CCCCC2)cc1.[O]=[Pt]=[O],CCOC(=O)CCN(C)C(=O)c1ccc(NC(c2oc3ccc(N)cc3c2C)C2CCCCC2)cc1,CCO.O=[N+:1]([O-])[c:2]1[cH:3][cH:4][c:5]2[o:6][c:7]([CH:8]([NH:9][c:10]3[cH:11][cH:12][c:13]([C:14]([N:15]([CH2:16][CH2:17][C:18]([O:19][CH2:20][CH3:21])=[O:22])[CH3:23])=[O:24])[cH:25][cH:26]3)[CH:27]3[CH2:28][CH2:29][CH2:30][CH2:31][CH2:32]3)[c:33]([CH3:34])[c:35]2[cH:36]1.O=[Pt]=O,[NH2:1][c:2]1[cH:3][cH:4][c:5]2[o:6][c:7]([CH:8]([NH:9][c:10]3[cH:11][cH:12][c:13]([C:14]([N:15]([CH2:16][CH2:17][C:18]([O:19][CH2:20][CH3:21])=[O:22])[CH3:23])=[O:24])[cH:25][cH:26]3)[CH:27]3[CH2:28][CH2:29][CH2:30][CH2:31][CH2:32]3)[c:33]([CH3:34])[c:35]2[cH:36]1,0,1,1,True,1,[1],"[""degree"", ""formal_charge"", ""total_h""]",True,True,STRUCTURALLY_SUPPORTED,Changed RC atom is supported by a change in its heavy-atom/bond local environment in the recorded product.,"[{""map_num"": 1, ""element"": ""N"", ""state_changes"": {""formal_charge"": {""reactant"": 1, ""product"": 0}, ""total_h"": {""reactant"": 0, ""product"": 2}, ""degree"": {""reactant"": 3, ""product"": 1}}, ""reactant_environment"": [[""M2"", ""SINGLE""], [""U8:-1"", ""SINGLE""], [""U8:0"", ""DOUBLE""]], ""product_environment"": [[""M2"", ""SINGLE""]], ""local_environment_changed"": true}]",,
81,36835,train,36835,25365,CCO.CCOCC.O=C[O-].Cl.[NH4+].[Pd].NC(=O)c1ccc(NC2CCN(Cc3ccccc3)CC2)cc1,Cl.NC(=O)c1ccc(NC2CCNCC2)cc1,CCO.CCOCC.O=C[O-].[ClH:1].[NH4+].[Pd].c1ccc(C[N:2]2[CH2:3][CH2:4][CH:5]([NH:6][c:7]3[cH:8][cH:9][c:10]([C:11]([NH2:12])=[O:13])[cH:14][cH:15]3)[CH2:16][CH2:17]2)cc1,[ClH:1].[NH:2]1[CH2:3][CH2:4][CH:5]([NH:6][c:7]2[cH:8][cH:9][c:10]([C:11]([NH2:12])=[O:13])[cH:14][cH:15]2)[CH2:16][CH2:17]1,0,1,1,True,1,[2],"[""degree"", ""total_h""]",True,True,STRUCTURALLY_SUPPORTED,Changed RC atom is supported by a change in its heavy-atom/bond local environment in the recorded product.,"[{""map_num"": 2, ""element"": ""N"", ""state_changes"": {""total_h"": {""reactant"": 0, ""product"": 1}, ""degree"": {""reactant"": 3, ""product"": 2}}, ""reactant_environment"": [[""M17"", ""SINGLE""], [""M3"", ""SINGLE""], [""U6:0"", ""SINGLE""]], ""product_environment"": [[""M17"", ""SINGLE""], [""M3"", ""SINGLE""]], ""local_environment_changed"": true}]",,
82,36867,train,36867,37469,CSC.COc1cccc(CN(C)S(=O)(=O)c2ccc(Br)s2)c1,CN(Cc1cccc(O)c1)S(=O)(=O)c1ccc(Br)s1,CSC.C[O:1][c:2]1[cH:3][cH:4][cH:5][c:6]([CH2:7][N:8]([CH3:9])[S:10](=[O:11])(=[O:12])[c:13]2[cH:14][cH:15][c:16]([Br:17])[s:18]2)[cH:19]1,[OH:1][c:2]1[cH:3][cH:4][cH:5][c:6]([CH2:7][N:8]([CH3:9])[S:10](=[O:11])(=[O:12])[c:13]2[cH:14][cH:15][c:16]([Br:17])[s:18]2)[cH:19]1,0,1,1,True,1,[1],"[""degree"", ""total_h""]",True,True,STRUCTURALLY_SUPPORTED,Changed RC atom is supported by a change in its heavy-atom/bond local environment in the recorded product.,"[{""map_num"": 1, ""element"": ""O"", ""state_changes"": {""total_h"": {""reactant"": 0, ""product"": 1}, ""degree"": {""reactant"": 2, ""product"": 1}}, ""reactant_environment"": [[""M2"", ""SINGLE""], [""U6:0"", ""SINGLE""]], ""product_environment"": [[""M2"", ""SINGLE""]], ""local_environment_changed"": true}]",,
83,37034,train,37034,4661,COc1cc(OC(C)=O)ccc1-c1nc2nccnc2[nH]1.CO.[Na+].[OH-],COc1cc(O)ccc1-c1nc2nccnc2[nH]1,CC(=O)[O:1][c:2]1[cH:3][c:4]([O:5][CH3:6])[c:7](-[c:8]2[n:9][c:10]3[n:11][cH:12][cH:13][n:14][c:15]3[nH:16]2)[cH:17][cH:18]1.CO.[Na+].[OH-],[OH:1][c:2]1[cH:3][c:4]([O:5][CH3:6])[c:7](-[c:8]2[n:9][c:10]3[n:11][cH:12][cH:13][n:14][c:15]3[nH:16]2)[cH:17][cH:18]1,0,1,1,True,1,[1],"[""degree"", ""total_h""]",True,True,STRUCTURALLY_SUPPORTED,Changed RC atom is supported by a change in its heavy-atom/bond local environment in the recorded product.,"[{""map_num"": 1, ""element"": ""O"", ""state_changes"": {""total_h"": {""reactant"": 0, ""product"": 1}, ""degree"": {""reactant"": 2, ""product"": 1}}, ""reactant_environment"": [[""M2"", ""SINGLE""], [""U6:0"", ""SINGLE""]], ""product_environment"": [[""M2"", ""SINGLE""]], ""local_environment_changed"": true}]",,
84,38656,val,643,35875,Cc1ccnc(Nc2ncc(Sc3ccnc(C(=O)NCC4(c5ccncc5)CCN(C(=O)OC(C)(C)C)CC4)c3F)s2)c1.ClCCCl.O=C(O)C(F)(F)F,Cc1ccnc(Nc2ncc(Sc3ccnc(C(=O)NCC4(c5ccncc5)CCNCC4)c3F)s2)c1,CC(C)(C)OC(=O)[N:1]1[CH2:2][CH2:3][C:4]([CH2:5][NH:6][C:7]([c:8]2[n:9][cH:10][cH:11][c:12]([S:13][c:14]3[cH:15][n:16][c:17]([NH:18][c:19]4[n:20][cH:21][cH:22][c:23]([CH3:24])[cH:25]4)[s:26]3)[c:27]2[F:28])=[O:29])([c:30]2[cH:31][cH:32][n:33][cH:34][cH:35]2)[CH2:36][CH2:37]1.ClCCCl.O=C(O)C(F)(F)F,[NH:1]1[CH2:2][CH2:3][C:4]([CH2:5][NH:6][C:7]([c:8]2[n:9][cH:10][cH:11][c:12]([S:13][c:14]3[cH:15][n:16][c:17]([NH:18][c:19]4[n:20][cH:21][cH:22][c:23]([CH3:24])[cH:25]4)[s:26]3)[c:27]2[F:28])=[O:29])([c:30]2[cH:31][cH:32][n:33][cH:34][cH:35]2)[CH2:36][CH2:37]1,0,1,1,True,1,[1],"[""degree"", ""hybridization"", ""total_h""]",True,True,STRUCTURALLY_SUPPORTED,Changed RC atom is supported by a change in its heavy-atom/bond local environment in the recorded product.,"[{""map_num"": 1, ""element"": ""N"", ""state_changes"": {""total_h"": {""reactant"": 0, ""product"": 1}, ""degree"": {""reactant"": 3, ""product"": 2}, ""hybridization"": {""reactant"": 3, ""product"": 4}}, ""reactant_environment"": [[""M2"", ""SINGLE""], [""M37"", ""SINGLE""], [""U6:0"", ""SINGLE""]], ""product_environment"": [[""M2"", ""SINGLE""], [""M37"", ""SINGLE""]], ""local_environment_changed"": true}]",,
85,38681,val,668,33601,CC(C)(C)OC(=O)N1CCC(CC(=O)Nc2ccc(S(C)(=O)=O)cc2)CC1.ClCCl.O=C(O)C(F)(F)F,CS(=O)(=O)c1ccc(NC(=O)CC2CCNCC2)cc1,CC(C)(C)OC(=O)[N:1]1[CH2:2][CH2:3][CH:4]([CH2:5][C:6](=[O:7])[NH:8][c:9]2[cH:10][cH:11][c:12]([S:13]([CH3:14])(=[O:15])=[O:16])[cH:17][cH:18]2)[CH2:19][CH2:20]1.ClCCl.O=C(O)C(F)(F)F,[NH:1]1[CH2:2][CH2:3][CH:4]([CH2:5][C:6](=[O:7])[NH:8][c:9]2[cH:10][cH:11][c:12]([S:13]([CH3:14])(=[O:15])=[O:16])[cH:17][cH:18]2)[CH2:19][CH2:20]1,0,1,1,True,1,[1],"[""degree"", ""hybridization"", ""total_h""]",True,True,STRUCTURALLY_SUPPORTED,Changed RC atom is supported by a change in its heavy-atom/bond local environment in the recorded product.,"[{""map_num"": 1, ""element"": ""N"", ""state_changes"": {""total_h"": {""reactant"": 0, ""product"": 1}, ""degree"": {""reactant"": 3, ""product"": 2}, ""hybridization"": {""reactant"": 3, ""product"": 4}}, ""reactant_environment"": [[""M2"", ""SINGLE""], [""M20"", ""SINGLE""], [""U6:0"", ""SINGLE""]], ""product_environment"": [[""M2"", ""SINGLE""], [""M20"", ""SINGLE""]], ""local_environment_changed"": true}]",,
86,39339,val,1326,23988,COc1cc(-c2cn(C3CCCC3)c3ncnc(Cl)c23)ccc1NC(=O)OC(C)(C)C.ClCCl.O=C(O)C(F)(F)F,COc1cc(-c2cn(C3CCCC3)c3ncnc(Cl)c23)ccc1N,CC(C)(C)OC(=O)[NH:1][c:2]1[c:3]([O:4][CH3:5])[cH:6][c:7](-[c:8]2[cH:9][n:10]([CH:11]3[CH2:12][CH2:13][CH2:14][CH2:15]3)[c:16]3[n:17][cH:18][n:19][c:20]([Cl:21])[c:22]23)[cH:23][cH:24]1.ClCCl.O=C(O)C(F)(F)F,[NH2:1][c:2]1[c:3]([O:4][CH3:5])[cH:6][c:7](-[c:8]2[cH:9][n:10]([CH:11]3[CH2:12][CH2:13][CH2:14][CH2:15]3)[c:16]3[n:17][cH:18][n:19][c:20]([Cl:21])[c:22]23)[cH:23][cH:24]1,0,1,1,True,1,[1],"[""degree"", ""total_h""]",True,True,STRUCTURALLY_SUPPORTED,Changed RC atom is supported by a change in its heavy-atom/bond local environment in the recorded product.,"[{""map_num"": 1, ""element"": ""N"", ""state_changes"": {""total_h"": {""reactant"": 1, ""product"": 2}, ""degree"": {""reactant"": 2, ""product"": 1}}, ""reactant_environment"": [[""M2"", ""SINGLE""], [""U6:0"", ""SINGLE""]], ""product_environment"": [[""M2"", ""SINGLE""]], ""local_environment_changed"": true}]",,
87,39440,val,1427,14822,CCO.Cc1ccc(NC(=O)OC(C)(C)C)cc1[N+](=O)[O-].[H][H].[Pd],Cc1ccc(NC(=O)OC(C)(C)C)cc1N,CCO.O=[N+:1]([O-])[c:2]1[c:3]([CH3:4])[cH:5][cH:6][c:7]([NH:8][C:9](=[O:10])[O:11][C:12]([CH3:13])([CH3:14])[CH3:15])[cH:16]1.[H][H].[Pd],[NH2:1][c:2]1[c:3]([CH3:4])[cH:5][cH:6][c:7]([NH:8][C:9](=[O:10])[O:11][C:12]([CH3:13])([CH3:14])[CH3:15])[cH:16]1,0,1,1,True,1,[1],"[""degree"", ""formal_charge"", ""total_h""]",True,True,STRUCTURALLY_SUPPORTED,Changed RC atom is supported by a change in its heavy-atom/bond local environment in the recorded product.,"[{""map_num"": 1, ""element"": ""N"", ""state_changes"": {""formal_charge"": {""reactant"": 1, ""product"": 0}, ""total_h"": {""reactant"": 0, ""product"": 2}, ""degree"": {""reactant"": 3, ""product"": 1}}, ""reactant_environment"": [[""M2"", ""SINGLE""], [""U8:-1"", ""SINGLE""], [""U8:0"", ""DOUBLE""]], ""product_environment"": [[""M2"", ""SINGLE""]], ""local_environment_changed"": true}]",,
88,39960,val,1947,28859,BrB(Br)Br.CCOC(C)=O.CO.COC(=O)c1ccc(-c2nc3ccccc3n2-c2ccc(OC)cc2)s1.ClCCl.O=C([O-])O.[Na+],COC(=O)c1ccc(-c2nc3ccccc3n2-c2ccc(O)cc2)s1,BrB(Br)Br.CCOC(C)=O.CO.C[O:1][c:2]1[cH:3][cH:4][c:5](-[n:6]2[c:7](-[c:8]3[cH:9][cH:10][c:11]([C:12]([O:13][CH3:14])=[O:15])[s:16]3)[n:17][c:18]3[cH:19][cH:20][cH:21][cH:22][c:23]23)[cH:24][cH:25]1.ClCCl.O=C([O-])O.[Na+],[OH:1][c:2]1[cH:3][cH:4][c:5](-[n:6]2[c:7](-[c:8]3[cH:9][cH:10][c:11]([C:12]([O:13][CH3:14])=[O:15])[s:16]3)[n:17][c:18]3[cH:19][cH:20][cH:21][cH:22][c:23]23)[cH:24][cH:25]1,0,1,1,True,1,[1],"[""degree"", ""total_h""]",True,True,STRUCTURALLY_SUPPORTED,Changed RC atom is supported by a change in its heavy-atom/bond local environment in the recorded product.,"[{""map_num"": 1, ""element"": ""O"", ""state_changes"": {""total_h"": {""reactant"": 0, ""product"": 1}, ""degree"": {""reactant"": 2, ""product"": 1}}, ""reactant_environment"": [[""M2"", ""SINGLE""], [""U6:0"", ""SINGLE""]], ""product_environment"": [[""M2"", ""SINGLE""]], ""local_environment_changed"": true}]",,
89,40644,val,2631,13025,CCCCCCCC/C=C\CCCCCCCC(=O)OCCN(CCOC(=O)CCCCCCC/C=C\CCCCCCCC)C(=O)OC(C)(C)C.ClCCl.O=C(O)C(F)(F)F,CCCCCCCC/C=C\CCCCCCCC(=O)OCCNCCOC(=O)CCCCCCC/C=C\CCCCCCCC,CC(C)(C)OC(=O)[N:1]([CH2:2][CH2:3][O:4][C:5]([CH2:6][CH2:7][CH2:8][CH2:9][CH2:10][CH2:11][CH2:12]/[CH:13]=[CH:14]\[CH2:15][CH2:16][CH2:17][CH2:18][CH2:19][CH2:20][CH2:21][CH3:22])=[O:23])[CH2:24][CH2:25][O:26][C:27](=[O:28])[CH2:29][CH2:30][CH2:31][CH2:32][CH2:33][CH2:34][CH2:35]/[CH:36]=[CH:37]\[CH2:38][CH2:39][CH2:40][CH2:41][CH2:42][CH2:43][CH2:44][CH3:45].ClCCl.O=C(O)C(F)(F)F,[NH:1]([CH2:2][CH2:3][O:4][C:5]([CH2:6][CH2:7][CH2:8][CH2:9][CH2:10][CH2:11][CH2:12]/[CH:13]=[CH:14]\[CH2:15][CH2:16][CH2:17][CH2:18][CH2:19][CH2:20][CH2:21][CH3:22])=[O:23])[CH2:24][CH2:25][O:26][C:27](=[O:28])[CH2:29][CH2:30][CH2:31][CH2:32][CH2:33][CH2:34][CH2:35]/[CH:36]=[CH:37]\[CH2:38][CH2:39][CH2:40][CH2:41][CH2:42][CH2:43][CH2:44][CH3:45],0,1,1,True,1,[1],"[""degree"", ""hybridization"", ""total_h""]",True,True,STRUCTURALLY_SUPPORTED,Changed RC atom is supported by a change in its heavy-atom/bond local environment in the recorded product.,"[{""map_num"": 1, ""element"": ""N"", ""state_changes"": {""total_h"": {""reactant"": 0, ""product"": 1}, ""degree"": {""reactant"": 3, ""product"": 2}, ""hybridization"": {""reactant"": 3, ""product"": 4}}, ""reactant_environment"": [[""M2"", ""SINGLE""], [""M24"", ""SINGLE""], [""U6:0"", ""SINGLE""]], ""product_environment"": [[""M2"", ""SINGLE""], [""M24"", ""SINGLE""]], ""local_environment_changed"": true}]",,
90,41363,val,3350,7406,CC(C)(C)OC(=O)NCCCCCCNC(=O)n1cc(F)c(=O)[nH]c1=O.Cc1ccccc1.ClC(Cl)Cl.O.O=C(O)C(F)(F)F,NCCCCCCNC(=O)n1cc(F)c(=O)[nH]c1=O.O=C(O)C(F)(F)F,CC(C)(C)OC(=O)[NH:1][CH2:2][CH2:3][CH2:4][CH2:5][CH2:6][CH2:7][NH:8][C:9](=[O:10])[n:11]1[cH:12][c:13]([F:14])[c:15](=[O:16])[nH:17][c:18]1=[O:19].Cc1ccccc1.ClC(Cl)Cl.O.[O:20]=[C:21]([OH:22])[C:23]([F:24])([F:25])[F:26],[NH2:1][CH2:2][CH2:3][CH2:4][CH2:5][CH2:6][CH2:7][NH:8][C:9](=[O:10])[n:11]1[cH:12][c:13]([F:14])[c:15](=[O:16])[nH:17][c:18]1=[O:19].[O:20]=[C:21]([OH:22])[C:23]([F:24])([F:25])[F:26],0,1,1,True,1,[1],"[""degree"", ""hybridization"", ""total_h""]",True,True,STRUCTURALLY_SUPPORTED,Changed RC atom is supported by a change in its heavy-atom/bond local environment in the recorded product.,"[{""map_num"": 1, ""element"": ""N"", ""state_changes"": {""total_h"": {""reactant"": 1, ""product"": 2}, ""degree"": {""reactant"": 2, ""product"": 1}, ""hybridization"": {""reactant"": 3, ""product"": 4}}, ""reactant_environment"": [[""M2"", ""SINGLE""], [""U6:0"", ""SINGLE""]], ""product_environment"": [[""M2"", ""SINGLE""]], ""local_environment_changed"": true}]",,
91,41824,val,3811,39336,NN.O=C1c2ncccc2-c2cccnc21.OCCOCCO,c1cnc2c(c1)-c1cccnc1C2,NN.O=[C:1]1[c:2]2[n:3][cH:4][cH:5][cH:6][c:7]2-[c:8]2[cH:9][cH:10][cH:11][n:12][c:13]21.OCCOCCO,[CH2:1]1[c:2]2[n:3][cH:4][cH:5][cH:6][c:7]2-[c:8]2[cH:9][cH:10][cH:11][n:12][c:13]21,0,1,1,True,1,[1],"[""degree"", ""hybridization"", ""total_h""]",True,True,STRUCTURALLY_SUPPORTED,Changed RC atom is supported by a change in its heavy-atom/bond local environment in the recorded product.,"[{""map_num"": 1, ""element"": ""C"", ""state_changes"": {""total_h"": {""reactant"": 0, ""product"": 2}, ""degree"": {""reactant"": 3, ""product"": 2}, ""hybridization"": {""reactant"": 3, ""product"": 4}}, ""reactant_environment"": [[""M13"", ""SINGLE""], [""M2"", ""SINGLE""], [""U8:0"", ""DOUBLE""]], ""product_environment"": [[""M13"", ""SINGLE""], [""M2"", ""SINGLE""]], ""local_environment_changed"": true}]",,
92,42547,val,4534,48573,C1COCCO1.CCOC(=O)N(CC(Cc1cccnc1)c1ccc(OCOC)cc1)S(=O)(=O)c1ccc(Cl)cc1.Cl.ClCCl.O.O=C([O-])O.[Na+],CCOC(=O)N(CC(Cc1cccnc1)c1ccc(O)cc1)S(=O)(=O)c1ccc(Cl)cc1,C1COCCO1.COC[O:1][c:2]1[cH:3][cH:4][c:5]([CH:6]([CH2:7][N:8]([C:9]([O:10][CH2:11][CH3:12])=[O:13])[S:14](=[O:15])(=[O:16])[c:17]2[cH:18][cH:19][c:20]([Cl:21])[cH:22][cH:23]2)[CH2:24][c:25]2[cH:26][cH:27][cH:28][n:29][cH:30]2)[cH:31][cH:32]1.Cl.ClCCl.O.O=C([O-])O.[Na+],[OH:1][c:2]1[cH:3][cH:4][c:5]([CH:6]([CH2:7][N:8]([C:9]([O:10][CH2:11][CH3:12])=[O:13])[S:14](=[O:15])(=[O:16])[c:17]2[cH:18][cH:19][c:20]([Cl:21])[cH:22][cH:23]2)[CH2:24][c:25]2[cH:26][cH:27][cH:28][n:29][cH:30]2)[cH:31][cH:32]1,0,1,1,True,1,[1],"[""degree"", ""total_h""]",True,True,STRUCTURALLY_SUPPORTED,Changed RC atom is supported by a change in its heavy-atom/bond local environment in the recorded product.,"[{""map_num"": 1, ""element"": ""O"", ""state_changes"": {""total_h"": {""reactant"": 0, ""product"": 1}, ""degree"": {""reactant"": 2, ""product"": 1}}, ""reactant_environment"": [[""M2"", ""SINGLE""], [""U6:0"", ""SINGLE""]], ""product_environment"": [[""M2"", ""SINGLE""]], ""local_environment_changed"": true}]",,
93,44146,test,1382,47100,C1CCOC1.CC(=O)OCCN1CCCCn2c(c3c(c(O)c2=O)C(=O)N(Cc2ccc(F)c(Cl)c2)CC3)C1=O.[Li+].[OH-],O=C1c2c(c3n(c(=O)c2O)CCCCN(CCO)C3=O)CCN1Cc1ccc(F)c(Cl)c1,C1CCOC1.CC(=O)[O:1][CH2:2][CH2:3][N:4]1[CH2:5][CH2:6][CH2:7][CH2:8][n:9]2[c:10](=[O:11])[c:12]([OH:13])[c:14]3[c:15]([c:16]2[C:17]1=[O:18])[CH2:19][CH2:20][N:21]([CH2:22][c:23]1[cH:24][cH:25][c:26]([F:27])[c:28]([Cl:29])[cH:30]1)[C:31]3=[O:32].[Li+].[OH-],[OH:1][CH2:2][CH2:3][N:4]1[CH2:5][CH2:6][CH2:7][CH2:8][n:9]2[c:10](=[O:11])[c:12]([OH:13])[c:14]3[c:15]([c:16]2[C:17]1=[O:18])[CH2:19][CH2:20][N:21]([CH2:22][c:23]1[cH:24][cH:25][c:26]([F:27])[c:28]([Cl:29])[cH:30]1)[C:31]3=[O:32],0,1,1,True,1,[1],"[""degree"", ""hybridization"", ""total_h""]",True,True,STRUCTURALLY_SUPPORTED,Changed RC atom is supported by a change in its heavy-atom/bond local environment in the recorded product.,"[{""map_num"": 1, ""element"": ""O"", ""state_changes"": {""total_h"": {""reactant"": 0, ""product"": 1}, ""degree"": {""reactant"": 2, ""product"": 1}, ""hybridization"": {""reactant"": 3, ""product"": 4}}, ""reactant_environment"": [[""M2"", ""SINGLE""], [""U6:0"", ""SINGLE""]], ""product_environment"": [[""M2"", ""SINGLE""]], ""local_environment_changed"": true}]",,
94,44155,test,1391,9225,CO.Cl.N#Cc1cc(OCC(F)(F)F)c(C(F)(F)F)cc1[N+](=O)[O-].[Fe],N#Cc1cc(OCC(F)(F)F)c(C(F)(F)F)cc1N,CO.Cl.O=[N+:1]([O-])[c:2]1[c:3]([C:4]#[N:5])[cH:6][c:7]([O:8][CH2:9][C:10]([F:11])([F:12])[F:13])[c:14]([C:15]([F:16])([F:17])[F:18])[cH:19]1.[Fe],[NH2:1][c:2]1[c:3]([C:4]#[N:5])[cH:6][c:7]([O:8][CH2:9][C:10]([F:11])([F:12])[F:13])[c:14]([C:15]([F:16])([F:17])[F:18])[cH:19]1,0,1,1,True,1,[1],"[""degree"", ""formal_charge"", ""total_h""]",True,True,STRUCTURALLY_SUPPORTED,Changed RC atom is supported by a change in its heavy-atom/bond local environment in the recorded product.,"[{""map_num"": 1, ""element"": ""N"", ""state_changes"": {""formal_charge"": {""reactant"": 1, ""product"": 0}, ""total_h"": {""reactant"": 0, ""product"": 2}, ""degree"": {""reactant"": 3, ""product"": 1}}, ""reactant_environment"": [[""M2"", ""SINGLE""], [""U8:-1"", ""SINGLE""], [""U8:0"", ""DOUBLE""]], ""product_environment"": [[""M2"", ""SINGLE""]], ""local_environment_changed"": true}]",,
95,44677,test,1913,49131,CC(=O)N(C1=CC(C)NN1C)c1ccc(OC(F)(F)F)cc1.CCO.Cl.O.O=C([O-])O.[Na+],CC1C=C(Nc2ccc(OC(F)(F)F)cc2)N(C)N1,CC(=O)[N:1]([C:2]1=[CH:3][CH:4]([CH3:5])[NH:6][N:7]1[CH3:8])[c:9]1[cH:10][cH:11][c:12]([O:13][C:14]([F:15])([F:16])[F:17])[cH:18][cH:19]1.CCO.Cl.O.O=C([O-])O.[Na+],[NH:1]([C:2]1=[CH:3][CH:4]([CH3:5])[NH:6][N:7]1[CH3:8])[c:9]1[cH:10][cH:11][c:12]([O:13][C:14]([F:15])([F:16])[F:17])[cH:18][cH:19]1,0,1,1,True,1,[1],"[""degree"", ""total_h""]",True,True,STRUCTURALLY_SUPPORTED,Changed RC atom is supported by a change in its heavy-atom/bond local environment in the recorded product.,"[{""map_num"": 1, ""element"": ""N"", ""state_changes"": {""total_h"": {""reactant"": 0, ""product"": 1}, ""degree"": {""reactant"": 3, ""product"": 2}}, ""reactant_environment"": [[""M2"", ""SINGLE""], [""M9"", ""SINGLE""], [""U6:0"", ""SINGLE""]], ""product_environment"": [[""M2"", ""SINGLE""], [""M9"", ""SINGLE""]], ""local_environment_changed"": true}]",,
96,44737,test,1973,3573,C1COCCO1.CC(C)(C)OC(=O)Nc1cccc(NCc2cccc([N+](=O)[O-])c2)c1.Cl,Cl.Cl.Nc1cccc(NCc2cccc([N+](=O)[O-])c2)c1,C1COCCO1.CC(C)(C)OC(=O)[NH:3][c:4]1[cH:5][cH:6][cH:7][c:8]([NH:9][CH2:10][c:11]2[cH:12][cH:13][cH:14][c:15]([N+:16](=[O:17])[O-:18])[cH:19]2)[cH:20]1.[ClH:1],[ClH:1].Cl.[NH2:3][c:4]1[cH:5][cH:6][cH:7][c:8]([NH:9][CH2:10][c:11]2[cH:12][cH:13][cH:14][c:15]([N+:16](=[O:17])[O-:18])[cH:19]2)[cH:20]1,0,1,1,True,1,[3],"[""degree"", ""total_h""]",True,True,STRUCTURALLY_SUPPORTED,Changed RC atom is supported by a change in its heavy-atom/bond local environment in the recorded product.,"[{""map_num"": 3, ""element"": ""N"", ""state_changes"": {""total_h"": {""reactant"": 1, ""product"": 2}, ""degree"": {""reactant"": 2, ""product"": 1}}, ""reactant_environment"": [[""M4"", ""SINGLE""], [""U6:0"", ""SINGLE""]], ""product_environment"": [[""M4"", ""SINGLE""]], ""local_environment_changed"": true}]",,
97,44907,test,2143,30000,CC(=O)O.O=[N+]([O-])c1ccc(Cl)c(C(F)F)c1.[Fe],Nc1ccc(Cl)c(C(F)F)c1,CC(=O)O.O=[N+:1]([O-])[c:2]1[cH:3][cH:4][c:5]([Cl:6])[c:7]([CH:8]([F:9])[F:10])[cH:11]1.[Fe],[NH2:1][c:2]1[cH:3][cH:4][c:5]([Cl:6])[c:7]([CH:8]([F:9])[F:10])[cH:11]1,0,1,1,True,1,[1],"[""degree"", ""formal_charge"", ""total_h""]",True,True,STRUCTURALLY_SUPPORTED,Changed RC atom is supported by a change in its heavy-atom/bond local environment in the recorded product.,"[{""map_num"": 1, ""element"": ""N"", ""state_changes"": {""formal_charge"": {""reactant"": 1, ""product"": 0}, ""total_h"": {""reactant"": 0, ""product"": 2}, ""degree"": {""reactant"": 3, ""product"": 1}}, ""reactant_environment"": [[""M2"", ""SINGLE""], [""U8:-1"", ""SINGLE""], [""U8:0"", ""DOUBLE""]], ""product_environment"": [[""M2"", ""SINGLE""]], ""local_environment_changed"": true}]",,
98,46119,test,3355,1616,C.CO.[Pd].CN(C)CCC(NC(=O)Nc1ccc2c(c1)CCC2)c1ccc(C(=O)OCc2ccccc2)cc1,CN(C)CCC(NC(=O)Nc1ccc2c(c1)CCC2)c1ccc(C(=O)O)cc1,C.CO.[Pd].c1ccc(C[O:1][C:2]([c:3]2[cH:4][cH:5][c:6]([CH:7]([CH2:8][CH2:9][N:10]([CH3:11])[CH3:12])[NH:13][C:14](=[O:15])[NH:16][c:17]3[cH:18][cH:19][c:20]4[c:21]([cH:22]3)[CH2:23][CH2:24][CH2:25]4)[cH:26][cH:27]2)=[O:28])cc1,[OH:1][C:2]([c:3]1[cH:4][cH:5][c:6]([CH:7]([CH2:8][CH2:9][N:10]([CH3:11])[CH3:12])[NH:13][C:14](=[O:15])[NH:16][c:17]2[cH:18][cH:19][c:20]3[c:21]([cH:22]2)[CH2:23][CH2:24][CH2:25]3)[cH:26][cH:27]1)=[O:28],0,1,1,True,1,[1],"[""degree"", ""total_h""]",True,True,STRUCTURALLY_SUPPORTED,Changed RC atom is supported by a change in its heavy-atom/bond local environment in the recorded product.,"[{""map_num"": 1, ""element"": ""O"", ""state_changes"": {""total_h"": {""reactant"": 0, ""product"": 1}, ""degree"": {""reactant"": 2, ""product"": 1}}, ""reactant_environment"": [[""M2"", ""SINGLE""], [""U6:0"", ""SINGLE""]], ""product_environment"": [[""M2"", ""SINGLE""]], ""local_environment_changed"": true}]",,
99,46747,test,3983,40794,CO.CO.Cl.COC[C@@H]1CN(Cc2ccccc2)C[C@H](CO)O1,COC[C@@H]1CNC[C@H](CO)O1.Cl,CO.CO.[ClH:1].c1ccc(C[N:2]2[CH2:3][C@@H:4]([CH2:5][O:6][CH3:7])[O:8][C@@H:9]([CH2:10][OH:11])[CH2:12]2)cc1,[ClH:1].[NH:2]1[CH2:3][C@@H:4]([CH2:5][O:6][CH3:7])[O:8][C@@H:9]([CH2:10][OH:11])[CH2:12]1,0,1,1,True,1,[2],"[""degree"", ""total_h""]",True,True,STRUCTURALLY_SUPPORTED,Changed RC atom is supported by a change in its heavy-atom/bond local environment in the recorded product.,"[{""map_num"": 2, ""element"": ""N"", ""state_changes"": {""total_h"": {""reactant"": 0, ""product"": 1}, ""degree"": {""reactant"": 3, ""product"": 2}}, ""reactant_environment"": [[""M12"", ""SINGLE""], [""M3"", ""SINGLE""], [""U6:0"", ""SINGLE""]], ""product_environment"": [[""M12"", ""SINGLE""], [""M3"", ""SINGLE""]], ""local_environment_changed"": true}]",,
100,47404,test,4640,13748,CCO.NN.CC(C)(C)OC(=O)N1CCc2ccc(Cl)c(SCCCN3C(=O)c4ccccc4C3=O)c2CC1,CC(C)(C)OC(=O)N1CCc2ccc(Cl)c(SCCCN)c2CC1,CCO.NN.O=C1c2ccccc2C(=O)[N:1]1[CH2:2][CH2:3][CH2:4][S:5][c:6]1[c:7]([Cl:8])[cH:9][cH:10][c:11]2[c:12]1[CH2:13][CH2:14][N:15]([C:16]([O:17][C:18]([CH3:19])([CH3:20])[CH3:21])=[O:22])[CH2:23][CH2:24]2,[NH2:1][CH2:2][CH2:3][CH2:4][S:5][c:6]1[c:7]([Cl:8])[cH:9][cH:10][c:11]2[c:12]1[CH2:13][CH2:14][N:15]([C:16]([O:17][C:18]([CH3:19])([CH3:20])[CH3:21])=[O:22])[CH2:23][CH2:24]2,0,1,1,True,1,[1],"[""degree"", ""hybridization"", ""total_h""]",True,True,STRUCTURALLY_SUPPORTED,Changed RC atom is supported by a change in its heavy-atom/bond local environment in the recorded product.,"[{""map_num"": 1, ""element"": ""N"", ""state_changes"": {""total_h"": {""reactant"": 0, ""product"": 2}, ""degree"": {""reactant"": 3, ""product"": 1}, ""hybridization"": {""reactant"": 3, ""product"": 4}}, ""reactant_environment"": [[""M2"", ""SINGLE""], [""U6:0"", ""SINGLE""], [""U6:0"", ""SINGLE""]], ""product_environment"": [[""M2"", ""SINGLE""]], ""local_environment_changed"": true}]",,
